Dates,ABI BB Equity,AD NA Equity,ADS GY Equity,AI FP Equity,AIR FP Equity,ALV GY Equity,AMS SQ Equity,ASML NA Equity,BAS GY Equity,BAYN GY Equity,BBVA SQ Equity,BMW GY Equity,BN FP Equity,BNP FP Equity,CRH ID Equity,CS FP Equity,DAI GY Equity,DG FP Equity,DPW GY Equity,DTE GY Equity,EL FP Equity,ENEL IM Equity,ENGI FP Equity,ENI IM Equity,FP FP Equity,FRE GY Equity,GLE FP Equity,IBE SQ Equity,INGA NA Equity,ISP IM Equity,ITX SQ Equity,KER FP Equity,LIN GY Equity,MC FP Equity,MUV2 GY Equity,NOKIA FH Equity,OR FP Equity,ORA FP Equity,PHIA NA Equity,SAF FP Equity,SAN FP Equity,SAN SQ Equity,SAP GY Equity,SIE GY Equity,SU FP Equity,TEF SQ Equity,UNA NA Equity,URW NA Equity,VIV FP Equity,VOW3 GY Equity
6/30/2000,#N/A N/A,37.5183,14.485,31.293,#N/A N/A,340.497,#N/A N/A,45.02,21.05,37.684,14.7954,31.65,32.7905,48.6034,15.5769,38.9706,54.63,10.6771,#N/A N/A,59.8,15.01,8.2508,#N/A N/A,12.154,39.6242,9.35,55.5215,3.375,27.1829,4.4305,#N/A N/A,212.92,#N/A N/A,77.85,312.916,53.45,90.7,126.312,50.9278,58.4762,49.9,10.1331,38.6,102.071,36.1313,19.5816,16.1667,#N/A N/A,89.4676,24.591
7/31/2000,#N/A N/A,35.8632,14.463,31.4992,18.1,361.951,#N/A N/A,41.75,22.35,41.593,14.9875,37,38.2398,51.3518,15.0412,38.7344,56.91,11.3373,#N/A N/A,47.01,16.035,7.796,#N/A N/A,12.046,39.4515,9.312,59.0467,3.1125,27.6974,4.4952,#N/A N/A,205.15,#N/A N/A,84.58,339.547,47.81,88.15,118.1156,50.3918,51.4286,57.55,10.1514,48.75,107.886,36.453,19.7557,16,#N/A N/A,83.4192,28.08
8/31/2000,#N/A N/A,38.7231,15.155,32.8737,17.94,343.393,#N/A N/A,42.53,20.885,43.787,16.054,36.56,36.2818,49.9053,15.5109,37.8605,57.9,13.9907,#N/A N/A,43.25,15.6,7.8929,#N/A N/A,13.068,41.228,10.57,58.7823,3.2375,28.949,4.5018,#N/A N/A,194.81,#N/A N/A,78.77,293.789,49.37,81.4,110.8681,54.8,53.16,54.9,11.096,55,116.607,41.0808,18.7983,17.8167,#N/A N/A,89.0321,28.835
9/29/2000,#N/A N/A,39.1003,15.533,30.4454,19.85,337.819,#N/A N/A,37.6,20.135,38.855,16.4479,38.75,36.7065,48.1694,14.8681,34.9554,50.84,14.1747,#N/A N/A,38.97,13.95,7.7184,#N/A N/A,12,40.9072,11.735,55.8299,3.6,28.9797,4.1229,#N/A N/A,182.55,#N/A N/A,77.1,321.476,45.92,87.95,104.7424,48.77,41.4686,60.9,11.4077,55.533,94.319,35.3394,19.5381,17.8667,#N/A N/A,81.4837,31.3
10/31/2000,#N/A N/A,41.6559,13.525,31.9116,24,361.535,#N/A N/A,32.21,23.1,47.151,15.0836,39.02,38.8768,48.9891,14.7362,36.8449,54.3,14.5429,#N/A N/A,44.25,14.15,7.6884,#N/A N/A,12.74,41.598,11.735,58.9585,3.6025,31.0683,4.619,#N/A N/A,192.43,#N/A N/A,77.51,352.387,48.49,90,106.2954,46.31,37.0286,62,10.4724,48.475,96.936,37.9873,19.5555,19.5333,#N/A N/A,81.9676,34.133
11/30/2000,20.63,44.8321,16.313,34.4315,24.1,358.866,#N/A N/A,24.11,21.675,46.322,14.757,34.15,36.0223,42.8173,13.8049,38.0258,44.01,15.2302,22.42,36.11,16.72,7.625,#N/A N/A,14.024,40.5371,12.57,54.6402,3.4375,31.7825,4.7485,#N/A N/A,190.32,#N/A N/A,68.49,355.43,48.15,91.9,83.259,38.01,21.7886,70,9.3444,30.5,84.435,35.1414,15.7088,23.6667,#N/A N/A,68.7095,32.652
12/29/2000,23.21,41.8141,16.5,36.4016,23.66,360.676,#N/A N/A,24.19,24.085,51.502,15.2277,34.9,37.886,45.0835,16.3351,36.3725,44.74,16.077,23.05,32.1,17.375,7.2776,#N/A N/A,13.634,39.0814,11.816,58.3416,3.3375,32.6655,4.7747,#N/A N/A,209.45,#N/A N/A,63.54,362.43,47.5,91.3,79.3333,39.02,24.4114,71,10.454,30.573,89.926,38.4575,15.3172,22.5167,#N/A N/A,67.8386,31.509
1/31/2001,18.69,40.3294,19.425,33.4235,23,333.847,#N/A N/A,30.69,23.645,49.124,16.5247,37.74,33.4982,47.9283,16.7307,34.9082,51.05,14.6043,23.27,35.99,16.75,7.0238,#N/A N/A,13.996,39.1061,11.301,63.7616,3.6625,31.5444,4.9164,#N/A N/A,205.97,#N/A N/A,63.36,332.794,37.8,83,85.6748,41.36,21.2571,61.9,10.8209,41.25,100.327,36.8242,18.26,20.1167,#N/A N/A,78.6289,31.658
2/28/2001,18.95,42.6416,17,34.065,22.5,325.848,#N/A N/A,23.71,24.475,48.949,15.5448,37.65,35.4562,42.8173,16.8296,32.4046,53.36,16.077,23.4,26.45,16.65,6.6077,#N/A N/A,14.08,37.8725,12.087,58.562,4.1,28.8146,4.3086,#N/A N/A,200.48,#N/A N/A,60.16,335.314,24.6,81.5,55.8223,35.77,19.4571,59,10.1881,41.853,80.979,35.1414,16.4668,20.5833,#N/A N/A,66.387,35.753
3/30/2001,18.12,42.812,14.878,36.5162,21.01,295.888,#N/A N/A,25.2,22.63,44.377,14.8434,34.57,33.9228,45.9514,15.7427,29.7357,50.65,17.1815,19.4,26.75,16.25,6.5478,#N/A N/A,14.778,37.8725,9.377,61.6905,4.02,28.4115,4.0094,#N/A N/A,178.43,#N/A N/A,51.37,318.908,27.21,76.9,57.2459,31.1,15.0857,63.2,9.4912,32.188,74.68,32.6666,16.4792,19.9833,#N/A N/A,66.6289,31.509
4/30/2001,18.76,42.5929,17.098,38.8986,20.5,293.626,#N/A N/A,29.8,24.24,43.787,15.3911,37.4,34.5598,48.3141,17.1722,31.4127,56.44,16.1997,19.22,29.2,16.15,6.5037,#N/A N/A,15.45,41.45,9.838,64.07,4.1575,29.5518,3.9897,#N/A N/A,177.6,#N/A N/A,62.73,305.668,37.3,82.05,70.7485,33.11,15.7714,67.6,10.2706,44.625,80.643,38.0863,17.276,21.5167,#N/A N/A,75.5321,34.183
5/31/2001,18.26,43.6517,17.513,37.6616,23.22,298.783,#N/A N/A,27.25,23.75,43.04,15.4679,40.1,36.329,49.4231,18.5293,31.6488,53.96,16.8501,18.19,24.6,15.95,6.6201,#N/A N/A,15.168,42.4122,9.757,61.9109,3.825,29.5633,4.0882,3.67,187.58,#N/A N/A,60.38,307.494,34.18,76.5,56.0812,32.34,14.4686,72.5,10.3165,41.5,82.096,35.1414,15.7277,22.1667,#N/A N/A,72.8708,37.175
6/29/2001,19.76,45.0268,18.09,38.8757,21.75,311.949,#N/A N/A,26.49,23.3,42.727,14.6801,39.1,38.2398,49.5677,17.9141,31.7906,54.25,18.4701,18.9,26.92,16.9,6.3962,#N/A N/A,14.414,40.8085,10.949,61.6465,3.7875,29.6401,3.9213,3.77,156.47,#N/A N/A,53.62,313.106,26.77,76.25,48.5749,31.31,9.9429,77.5,9.8121,40.978,70.255,32.3202,13.1834,23.4,#N/A N/A,66.6289,36.171
7/31/2001,18.76,41.7898,19.3,36.8827,22.7,290.45,#N/A N/A,23.82,23.25,43.556,13.4408,40.4,35.1495,47.8801,17.6427,31.6016,56.72,17.9915,17.88,25.45,16.98,6.7761,#N/A N/A,13.951,40.1177,10.678,56.0503,3.755,28.5958,3.4007,3.676,154.55,#N/A N/A,54.52,311.489,25.15,82.95,45.4257,31.95,9.5743,71.8,9.2161,41.5,62.357,30.1919,12.6039,22.3,#N/A N/A,64.8386,35.276
8/31/2001,17.1,39.9887,18.64,35.6227,18.82,278.967,#N/A N/A,19.56,22.5,32.586,13.6425,35.35,35.3146,48.6998,16.7379,28.3895,47.95,17.1324,16.31,16.95,16.47,6.4252,#N/A N/A,14.647,40.1424,10.537,57.1078,3.77,26.6914,3.4373,3.85,135.61,#N/A N/A,48.17,300.171,17.23,74.6,30.4909,29.68,8.7686,72.05,9.1977,37.27,54.324,30.1919,11.5717,21.6833,#N/A N/A,58.2579,31.559
9/28/2001,17.44,37.1167,14.16,35.2791,11.85,224.404,#N/A N/A,12.22,19.435,28.982,10.8564,28.03,33.7341,43.2995,14.7475,20.4725,32.69,15.8315,16.5,17.2,15.275,5.6301,#N/A N/A,13.582,36.3921,9.702,48.2949,3.7375,22.5986,2.5276,3.7,110.81,#N/A N/A,31.45,268.689,17.95,75.7,29.8697,21.3,7.4486,71.5,7.7213,29,40.593,19.798,10.9922,19.9833,#N/A N/A,49.2096,26.211
10/31/2001,18.03,38.0416,15.675,34.3169,12.9,236.891,#N/A N/A,16,18.8,30.42,11.942,33.04,30.3135,44.5531,15.5889,22.9572,38.75,16.4452,15.96,17.19,15.545,5.5393,#N/A N/A,13.997,38.4893,8.446,48.9559,3.8175,21.2702,2.4375,4.14,117.03,#N/A N/A,35.3,279.151,23.23,76.7,35.7798,25.24,8.8714,73.25,7.8405,28.75,52.163,22.0153,12.0787,19.65,#N/A N/A,50.2257,28.229
11/30/2001,18.38,40.1591,17.785,36.31,13.34,238.873,#N/A N/A,19.7,21.45,33.582,13.2006,36,30.455,47.2533,16.7379,23.0517,46.56,15.3897,15.77,19.15,16.35,5.6451,#N/A N/A,13.058,35.1585,8.835,53.5826,3.585,22.422,2.5613,4.308,134.42,#N/A N/A,40.85,284.002,26.1,76.85,38.0489,30.5,10.5343,77.4,8.73,34.5,63.956,25.2919,13.6633,21.9667,#N/A N/A,55.3063,32.781
12/31/2001,19.22,39.7696,21.075,36.058,13.64,240.692,#N/A N/A,19.52,20.875,33.001,13.3543,39.15,32.3187,48.4587,17.9412,22.1731,48.35,16.1629,14.99,19.3,16.975,5.5702,#N/A N/A,14.051,39.5749,8.781,55.3893,3.655,21.992,2.6383,4.282,132.31,#N/A N/A,41.19,290.041,28.96,80.9,38.7391,33.38,11.7857,83.8,8.6292,36.575,72.048,26.7272,13.609,22.25,#N/A N/A,59.516,34.64
1/31/2002,18.76,36.2648,19.748,36.31,13,236.62,#N/A N/A,21.57,22.495,34.273,12.6818,42.85,31.611,52.0751,16.4755,20.2742,46.95,17.0097,14.91,17.15,17.775,5.8073,#N/A N/A,15.111,40.1917,8.293,60.2805,3.45,22.3452,2.8371,4.426,109.53,#N/A N/A,42.09,262.507,26.73,78.8,32.0698,31.58,12.1457,77.8,8.2715,40.5,66.427,25.9848,12.6066,21.6667,#N/A N/A,48.116,36.598
2/28/2002,19.54,32.4315,18.735,37.4096,14.57,235.235,#N/A N/A,23.7,22.21,33.969,12.8163,42.6,31.3751,54.052,17.4165,20.3592,46.41,17.3042,15.05,16.42,19.465,5.7148,#N/A N/A,15.866,41.9188,7.805,60.2805,3.6375,21.109,2.5276,4.532,110.63,#N/A N/A,48.67,268.213,24.57,80.8,26.2719,30.2,11.9571,75.9,8.4549,39.28,65.603,28.707,12.4496,21.8833,#N/A N/A,43.4322,35.783
3/29/2002,19.85,36.6056,20.672,38.5321,16.16,247.026,#N/A N/A,28.9,23.295,35.813,13.1141,45.63,31.8705,55.836,18.276,24.4405,52.3,18.2247,17.14,17.27,20.525,5.7209,#N/A N/A,16.774,43.6705,8.53,63.8938,3.74,23.9578,3.2572,4.31,124.26,#N/A N/A,52.63,271.609,24.23,84.75,30.3011,34.97,11.8543,73.6,8.8034,43.4,73.646,28.707,12.1051,22.0167,#N/A N/A,43.1418,40.256
4/30/2002,20.65,33.7701,18.8,39.3568,16.62,236.575,#N/A N/A,25.2,23.775,33.527,12.432,44.01,34.6777,55.9325,17.4165,22.2487,51.48,17.427,15.06,14.74,22.58,5.8117,#N/A N/A,17.039,41.4994,7.859,66.9783,3.805,22.4988,3.367,4.578,115.29,#N/A N/A,52.32,261.565,17.96,86.95,23.2607,34.27,10.8857,71.05,9.427,36.153,65.419,26.5045,11.1914,23.6667,#N/A N/A,34.2483,35.575
5/31/2002,20.29,27.9288,21.813,38.807,17.39,217.889,#N/A N/A,20.46,24.9,32.079,12.4032,45.87,34.89,58.1023,17.0998,19.7451,52.54,16.3961,15.52,11.85,21.61,5.624,#N/A N/A,16.3,41.1786,7.231,64.1141,3.725,21.7386,2.9731,4.438,121.06,#N/A N/A,51.14,234.192,15.3,76.55,17.9201,33.34,12.2571,64.95,9.0693,27.94,63.956,27.2222,10.6732,23.5833,#N/A N/A,32.5161,37.92
6/28/2002,18.17,25.9208,20.8,40.1529,15.57,184.998,#N/A N/A,16.03,23.575,29.913,11.0005,41.11,32.8377,54.0038,15.3355,17.4966,49.14,16.8501,13.09,9.5,20.585,5.0907,#N/A N/A,16.085,40.5618,5.334,58.7823,3.6875,19.9648,2.8802,4.276,109.89,#N/A N/A,45.96,228.267,14.82,79,8.1361,28.27,11.6571,61.6,7.3729,24.813,58.898,26.95,8.0073,22.4167,#N/A N/A,21.1742,32.702
7/31/2002,17.94,20.761,19.5,36.9056,16.05,131.476,#N/A N/A,12.5,19.5,23.23,9.2711,38.45,28.1668,45.2089,13.7975,12.31,43.86,14.6043,10.1,11.62,19,4.2726,#N/A N/A,15.333,36.3921,4.163,50.2337,3.04,16.9701,2.1431,4,81.44,#N/A N/A,40.65,185.657,12.7,71.5,12.683,23.1,10.68,60.2,5.7589,18.75,48.936,24.2871,8.4783,19.2333,#N/A N/A,15.7355,33.418
8/30/2002,17.01,20.7002,18.188,36.4159,13.63,118.527,#N/A N/A,10.43,21.02,22.336,9.617,38.54,30.0068,45.8646,13.1641,13.198,44.07,15.2302,11.11,11.44,20.05,4.5609,#N/A N/A,15.402,35.874,3.469,53.2742,3.2875,17.093,2.3456,3.98,76.4,#N/A N/A,38.28,176.612,13.62,73.55,11.0092,20.4,11.7686,61.15,6.2449,19.63,46.572,23.2131,8.808,20.1,#N/A N/A,12.3871,32.702
9/30/2002,14.99,14.5911,17.275,32.2151,10.75,78.406,#N/A N/A,6.22,17.95,16.086,7.2632,32.51,28.7801,31.8044,10.2689,9.3813,33.9,15.0461,8.62,8.42,20.52,4.3052,#N/A N/A,13.849,32.8639,2.277,37.596,3.275,10.758,1.5888,4.1,58.56,#N/A N/A,33.26,101.474,13.45,73,5.9877,14.7,9.9257,57.05,4.741,11.585,32.947,22.2133,7.1029,19.9333,#N/A N/A,10.9838,26.539
10/31/2002,14.22,15.4552,19.255,33.3491,11.16,95.987,#N/A N/A,8.85,18.72,17.662,9.2423,36.05,30.9033,38.8249,11.5356,14.2373,34.75,13.8434,10.33,11.53,20.325,4.3661,#N/A N/A,14.003,34.3196,3.794,45.0782,3,12.9695,1.6,4.54,73.93,#N/A N/A,40.85,122.75,17.15,75.2,9.9911,18.1,12.7371,61.75,5.6764,19.45,46.31,23.1636,9.0247,21.5333,#N/A N/A,12,27.583
11/29/2002,13.13,16.8303,20.47,34.8181,12.79,101.525,#N/A N/A,11.48,19.35,21.184,10.0782,34.11,31.0684,39.5385,13.2546,15.2576,36.64,14.1747,10.78,12.23,20.01,4.4956,#N/A N/A,14.597,33.3327,4.824,49.8812,3.255,14.7049,2.053,4.898,81.44,#N/A N/A,42.72,133.156,19.4,71.75,15.5302,22.06,12.4371,59.4,6.6026,22.04,47.841,24.1783,9.6464,19.5,#N/A N/A,15.8613,29.511
12/31/2002,14.07,14.725,20.575,32.3955,9.85,82.025,#N/A N/A,7.96,18.04,18.851,8.7619,28.92,30.2427,37.4458,10.6308,12.0832,29.35,13.1807,10,12.25,19.625,4.3722,#N/A N/A,15.15,33.5794,3.908,48.9118,3.3375,12.3936,1.8851,4.502,64.14,#N/A N/A,35.28,108.427,15.15,72.55,14.3913,16.7,11.0571,58.25,5.9973,18.88,39.246,22.3173,8.0355,19.4667,#N/A N/A,14.8935,24.85
1/31/2003,11.61,14.1287,18.778,30.076,9.7,66.86,#N/A N/A,7.25,17.26,15.109,7.7532,27.26,27.6478,35.4593,10.6308,10.7889,28.48,14.322,10.08,11.74,17.24,4.6561,#N/A N/A,14.064,30.9888,4.282,47.9424,3.4175,10.8501,1.8045,4.436,64.14,#N/A N/A,35.49,84.649,13.08,64.3,20.7069,15.8,11.2714,48.65,5.2729,21.65,36.969,20.1246,8.6286,17.45,#N/A N/A,15.1355,28.328
2/28/2003,9.96,4.2593,18.658,30.6945,8.07,60.137,#N/A N/A,6.69,16.91,11.292,7.5995,26,25.9021,37.0312,10.3142,10.7134,28.4,13.512,9.44,10.67,18,4.7998,#N/A N/A,13.727,30.2486,4.225,43.8884,3.555,9.6369,2.0117,4.48,54.44,#N/A N/A,34.54,79.494,12.4,59.9,17.7389,15.48,10.3114,49.62,5.4563,19.39,35.641,19.9761,8.6479,17.4667,#N/A N/A,12.6,27.036
3/31/2003,11.6,3.7117,20.2,31.3131,6.9,41.08,#N/A N/A,5.95,17.055,11.514,7.3304,25.44,27.2939,35.3918,11.8523,10.2221,26.79,13.1316,9.09,10.11,17.795,4.6085,#N/A N/A,12.219,28.6202,4.38,41.7028,3.7325,8.1318,1.9105,3.558,43.13,#N/A N/A,32.59,49.933,12.66,55.5,18.6201,14.39,10.5429,46.11,5.3646,17.363,36.629,21.2333,8.3994,18.2,#N/A N/A,11.7871,21.808
4/30/2003,12.5,4.9895,19.275,34.9727,8.33,63.35,#N/A N/A,7.74,19.985,15.072,8.6659,29.87,29.9125,40.5607,12.4403,12.8579,28.9,14.322,10.69,11.98,18.345,4.7248,#N/A N/A,12.788,28.9903,4.445,48.2949,3.6075,11.1726,2.1815,3.572,57.28,#N/A N/A,35.24,85.124,15.16,64.05,20.6226,16.67,12.4286,53.45,6.4558,22.95,43.287,20.9957,9.7127,18.95,#N/A N/A,14.129,22.712
5/30/2003,11.2,7.7641,18.7,33.4522,9.47,64.4,#N/A N/A,8.44,18.425,16.012,8.0702,29.37,27.577,40.5993,11.9427,12.036,26.75,14.3466,12.95,12.73,17.3,5.2246,#N/A N/A,13.72,30.7174,4.825,46.0035,3.715,10.5199,2.5595,3.83,64.55,#N/A N/A,39.31,87.245,15.3,61.7,20.9314,16.61,12.2743,54.35,6.3091,23.863,39.052,19.2387,9.3599,16.7667,#N/A N/A,15.0967,21.619
6/30/2003,12.1,8.7985,18.618,33.2717,10.68,72.38,#N/A N/A,8.27,18.6,18.602,8.7908,33.5,28.4263,42.6726,12.3499,12.7635,30.4,14.4202,12.79,13.29,17.54,4.7901,#N/A N/A,13.172,32.4692,5.16,48.6474,3.77,11.618,2.612,4.38,60.03,#N/A N/A,38.92,84.44,14.34,61.4,21.2801,16.56,12,51,6.9969,25.675,41.397,20.2632,9.9087,15.5967,#N/A N/A,15.3387,25.953
7/31/2003,12.39,8.7863,18.668,35.7974,14.17,95,#N/A N/A,11.64,21.225,19.543,9.3576,34.46,28.5442,46.5975,15.1094,14.4545,32.09,14.3097,13.37,13.55,17.95,4.9955,#N/A N/A,13.107,32.5185,5.366,54.9487,3.8025,13.8141,2.7986,4.544,65.84,#N/A N/A,43.96,96.157,13.62,58.55,23.4022,18.73,13.8429,50.1,7.3362,26.245,48.742,23.6289,10.1831,16.7833,#N/A N/A,15.1258,26.549
8/29/2003,14.05,10.4657,19.068,33.7099,14.4,81.21,#N/A N/A,14.35,20.97,17.948,9.3672,35.99,29.4643,43.7623,15.6974,15.2576,34.69,14.5061,14.6,13,18.5,4.8923,#N/A N/A,13.76,34.4677,6.125,53.2301,3.87,13.6375,2.5642,4.53,71.6,#N/A N/A,49.34,88.644,14.92,63.3,22.5155,22.2,14.0657,51.2,7.1253,27.325,54.653,24.3416,10.5066,16.95,#N/A N/A,14.8161,30.118
9/30/2003,13.37,9.9667,18.738,31.2615,13.24,75.8,#N/A N/A,11.25,18.85,17.1,8.5122,32.45,30.9033,40.5993,13.8608,13.8685,30.14,15.1811,14.67,12.44,18.57,4.7072,#N/A N/A,13.119,31.9757,6.861,50.41,3.6125,12.0787,2.4385,3.68,64.51,#N/A N/A,48.08,81.139,13.22,58.65,19.6761,19.46,13.7914,52.2,6.6759,26.22,49.556,22.0252,9.9381,16.8333,#N/A N/A,14.7096,26.48
10/31/2003,12.59,8.8593,19.925,32.8594,17.5,92.22,#N/A N/A,14.93,19.73,19.054,9.4825,34.45,30.6202,43.5888,13.9965,15.6225,32.09,15.3038,16.55,13.55,20.69,4.7398,#N/A N/A,13.656,32.9873,6.709,56.3147,3.5875,13.7143,2.7255,3.554,80.2,#N/A N/A,53.58,102.59,14.61,63.6,20.7421,23.19,15.0514,53.25,7.5654,31.288,56.204,24.9207,10.5788,16.59,#N/A N/A,17.4871,29.114
11/28/2003,12.88,8.6616,21.525,34.5346,18.2,93.88,#N/A N/A,15.76,20.63,20.778,9.6074,36.73,30.6674,45.3246,14.0418,15.3637,31.78,16.3838,15.71,13.85,20.795,4.6984,#N/A N/A,14.223,33.2587,6.807,58.8704,3.5975,13.722,2.9468,3.706,74.85,#N/A N/A,51.78,94.83,15.03,61.9,21.4196,23.7,15.9429,56.5,7.9506,32.05,58.975,25.4404,10.6777,16.8667,#N/A N/A,18.5322,27.275
12/31/2003,13.23,8.6904,22.575,36.0809,18.85,100.08,#N/A N/A,15.72,22.29,21.405,10.5201,36.75,30.5258,48.1405,14.7294,16.2646,37,16.1138,16.35,14.51,20.5,4.7513,#N/A N/A,14.96,36.3674,6.992,61.6905,3.9175,14.1981,2.9074,3.22,70.14,#N/A N/A,52,96.12,13.71,65,22.5753,23.15,16.99,59.7,8.6108,33.288,61.534,25.6879,11.5082,17.2833,#N/A N/A,18.6483,28.577
1/30/2004,13.49,9.3954,22.798,34.715,17.46,102.95,#N/A N/A,15.46,22.195,22.474,10.2895,35.19,32.0828,48.2177,15.3355,17.3956,38.25,16.5801,17.92,16.01,22.245,5.103,#N/A N/A,14.95,34.9118,7.35,62.7481,3.8575,15.396,2.9318,3.132,74.16,#N/A N/A,52.18,95.31,16.61,63.65,23.721,24.23,18.69,57.2,8.4733,33.103,62.977,25.7868,12.3782,18,#N/A N/A,20.4677,27.265
2/27/2004,15.13,9.6256,22.625,36.751,18.61,100.26,#N/A N/A,14.85,21.4,21.018,10.6642,34.38,33.0972,49.0374,15.1998,17.7119,36.15,17.9424,19.12,15.73,23.075,5.4829,#N/A N/A,15.826,36.2688,7.149,62.9684,4.15,15.1118,2.8043,3.52,79.51,#N/A N/A,55.43,93.85,17.63,66.15,22.0871,24.45,18.03,55,8.5466,31.75,60.128,26.4798,12.922,19.4167,#N/A N/A,22.3064,25.555
3/31/2004,14,9.5824,23.66,35.6943,17.55,88.61,#N/A N/A,14.91,20.665,18.261,10.3472,33.09,31.4694,47.9573,14.9736,16.2742,33.98,19.1696,18.2,14.62,24.745,5.8011,#N/A N/A,16.363,36.8609,7.263,61.2499,4.2,13.7297,2.5229,3.76,77.82,#N/A N/A,53.89,90.37,16.68,62.3,20.7421,23.53,18.1,53.15,8.1156,32.163,58.21,26.2323,12.1706,18.7167,#N/A N/A,20.8742,23.905
4/30/2004,15.67,9.2947,24.085,37.653,21.1,88.51,#N/A N/A,13.28,21.52,20.953,10.5777,35.97,32.9792,48.3141,16.0141,16.8397,37.39,19.9305,18.39,14.4,24.405,5.862,#N/A N/A,16.952,38.0699,7.426,61.2499,4.1125,13.7297,2.5904,3.628,78.78,#N/A N/A,52.99,90.21,11.74,62.9,20.0547,22.72,18.2,53,8.2165,31.625,58.384,27.8161,12.2694,18.4333,#N/A N/A,20.3129,24.859
5/31/2004,15.66,9.1364,24.425,37.318,20.35,85.83,#N/A N/A,14.36,21.065,21.571,10.4048,34.9,33.4746,48.6998,15.7427,16.1592,36.66,19.3415,16.45,13.76,26.275,5.9025,#N/A N/A,16.813,38.2672,7.718,61.338,4.145,14.2057,2.7883,3.79,78.74,#N/A N/A,52.9,83.94,11.43,64.05,19.4968,22.37,17.98,54.15,7.9597,33.063,56.252,27.4697,11.7751,17.95,#N/A N/A,20.7096,23.955
6/30/2004,16.35,9.2803,24.533,38.5267,22.88,89.03,#N/A N/A,13.91,21.995,21.847,10.5489,36.37,33.8285,48.748,15.7065,17.3477,38.4,20.3233,17.75,14.44,26.825,5.8091,#N/A N/A,16.319,38.662,7.561,61.5584,4.3375,14.8968,3.0115,3.772,77.27,#N/A N/A,53.58,89.1,11.86,65.65,21.3399,22.13,18.34,52.1,7.8222,34.065,57.279,27.7666,12.0124,18.7333,#N/A N/A,22.0645,23.617
7/30/2004,15.72,8.8918,24.698,38.1298,22.9,80.3,#N/A N/A,11.87,22.14,20.446,10.6258,36.92,32.3187,46.6554,16.8284,16.3605,37.11,20.7528,16.67,13.92,25.525,5.7791,#N/A N/A,17.102,39.7969,7.053,60.1042,4.25,14.8047,2.8896,3.804,74.16,#N/A N/A,51.1,79.78,9.53,59.55,20.503,20.14,16.28,55.1,7.2445,33.3,56.504,26.1581,11.9728,17.0333,#N/A N/A,20.1,22.991
8/31/2004,16.49,7.2803,26.408,36.4572,21.48,79.19,#N/A N/A,10.5,22.205,19.331,10.5009,33.89,31.0448,47.9959,16.8827,16.0921,34.14,21.5628,16.35,14.33,25.2,5.5975,#N/A N/A,16.81,39.5009,7.107,61.8668,4.1975,15.396,2.8296,3.778,68.63,#N/A N/A,47.4,77.73,9.62,54.65,19.3573,18.94,15.4,58.4,7.3729,29.938,54.489,25.4651,11.5477,16.42,#N/A N/A,19.6258,21.669
9/30/2004,16.78,7.3954,28.088,35.8051,21.33,81.09,#N/A N/A,10.36,23.725,20.299,10.645,33.1,29.8653,50.1464,17.4165,15.6129,33.2,22.7409,15.63,14.94,25.875,5.8003,#N/A N/A,18.047,40.4631,7.962,62.7922,4.175,15.6033,2.8671,3.98,67.67,#N/A N/A,48.44,77.56,11.08,52.75,19.985,18.44,15.41,58.4,7.2078,31.275,57.376,25.7621,11.9135,15.4567,#N/A N/A,19.9645,21.778
10/29/2004,17.41,7.8271,27.383,35.8902,22.35,83.38,#N/A N/A,11.17,24.45,20.474,11.8171,33.15,30.9504,51.4482,16.9189,16.1688,32.38,22.9128,15.32,15.02,26.6,6.2498,#N/A N/A,17.8,40.2164,7.87,64.07,4.29,15.9335,3.0106,3.984,67.57,#N/A N/A,48.4,76.68,12.09,53.45,22.3561,18.55,14.27,57.3,8.0239,33.383,56.543,25.6879,12.7934,15.5433,#N/A N/A,20.7193,25.028
11/30/2004,17.27,7.971,29.485,36.8824,22.75,94.01,#N/A N/A,11.54,25.32,21.976,11.894,31.78,31.6346,50.4357,17.1903,16.8876,33.65,22.8637,15.87,15.98,25.7,5.9043,#N/A N/A,18.468,40.6358,9.051,64.026,4.42,15.8951,3.1231,4.404,71.55,#N/A N/A,48.22,85.35,12.24,54.4,23.5416,19.4,13.83,56.65,8.2899,33.613,58.384,25.8611,13.0703,15.79,#N/A N/A,21.4838,24.492
12/31/2004,17.84,8.2012,29.688,38.555,21.39,97.6,#N/A N/A,11.81,26.5,22.99,12.5377,33.2,32.0592,51.4,17.8236,17.4243,35.26,24.2505,16.9,16.65,28.825,6.3741,#N/A N/A,18.42,39.6489,8.092,65.6123,4.675,17.093,3.3201,4.34,67.39,#N/A N/A,50.78,90.45,11.62,55.85,24.2689,19.51,15.68,58.8,8.3724,32.85,60.448,25.3414,13.703,16.4333,#N/A N/A,22.7322,24.263
1/31/2005,17.79,9.1076,28.713,37.3927,23.45,90.95,#N/A N/A,12.53,26.195,24.002,12.4128,32.17,33.7341,53.3769,18.3936,17.846,34.88,26.9995,17.87,16.58,27.25,6.3547,#N/A N/A,18.64,40.5865,8.542,67.3308,4.75,16.9547,3.3407,4.344,73.98,#N/A N/A,48.04,87.67,11.75,57.45,23.98,20.06,15.45,57.25,8.3541,29.823,58.956,29.004,13.8019,16.7,#N/A N/A,23.487,27.305
2/28/2005,18.05,9.827,28.37,38.47,23.74,95.62,#N/A N/A,13.97,28.27,25.98,12.5569,32.35,35.5034,52.8465,19.1355,19.4658,34.99,27.245,18.15,15.82,26.5,6.4067,#N/A N/A,19.691,44.238,9.54,70.3272,4.98,17.8532,3.4701,4.664,77.09,#N/A N/A,50.42,93.3,12.28,59.15,22.7147,20.89,17.8,60.4,8.5833,30.673,57.396,29.8454,13.7426,16.7667,#N/A N/A,23.0709,27.503
3/31/2005,16.89,9.2947,30.605,40.2276,23.06,97.95,#N/A N/A,13.03,27.345,25.065,12.0669,35.05,36.2111,52.7019,18.2941,19.6958,34.53,27.294,18.83,15.4,27.875,6.5072,#N/A N/A,20.04,44.5341,9.431,70.6357,5.045,17.8916,3.6765,4.614,75.49,#N/A N/A,52,92.94,11.96,61.75,23.0136,21.25,17.35,65.05,8.6108,31.078,59.159,29.9197,13.2878,17.6333,#N/A N/A,22.8677,27.653
4/29/2005,15.44,8.4026,30.025,39.122,21.96,92.24,#N/A N/A,11.11,25.055,24.957,11.4808,32.7,34.1587,49.0856,17.4165,18.2007,30.35,28.5704,18.15,14.48,27.625,6.4702,#N/A N/A,19.51,42.5603,8.933,67.7715,5.0425,16.2022,3.458,4.592,69.59,#N/A N/A,49.12,84.8,12.32,55.6,22.645,19.12,15.9,68.4,8.2715,30.428,54.876,27.5687,12.9813,16.5,#N/A N/A,22.6258,24.203
5/31/2005,16.78,8.8199,33.763,40.0575,24.03,95.74,#N/A N/A,13.06,26.955,26.856,12.2398,35.2,35.2675,52.7019,18.5655,18.9866,32.61,29.8713,19.07,15.1,27.875,6.4349,#N/A N/A,20.76,44.2874,9.496,70.3713,5.1875,17.2619,3.5649,4.608,73.66,#N/A N/A,52.27,88.92,13.64,58.95,23.183,20.71,15.41,73.3,8.5008,33.498,57.512,29.598,13.4558,17.9833,#N/A N/A,23.9612,26.012
6/30/2005,17.49,9.7839,34.628,39.9441,26.35,94.97,#N/A N/A,13.02,27.5,27.151,12.259,37.73,34.3003,54.6788,19.8593,19.8108,33.58,33.7739,19.32,15.3,28.25,6.3468,#N/A N/A,21.31,47.9389,9.962,74.1609,5.455,17.9453,3.5499,4.256,78.05,#N/A N/A,57.59,88.12,13.85,59.35,24.0697,20.9,17.13,67.9,8.7942,36.003,58.471,30.8601,13.3866,17.8833,#N/A N/A,25.2193,29.144
7/29/2005,19.16,10.4457,37.35,41.5317,27.73,104.82,#N/A N/A,14.43,29.3,29.011,13.3639,38.76,38.4993,57.5237,21.126,21.6031,40.12,32.7921,20.46,16.37,29.975,6.226,27.08,23.4,51.0723,10.678,79.5367,5.2575,19.1816,3.7609,4.408,76.18,#N/A N/A,61.78,96.03,13.17,65.1,25.3748,22.39,18.32,71.35,9.372,35.453,61.679,32.0974,13.7327,18.4,#N/A N/A,25.4032,33.855
8/31/2005,19.78,10.3594,36.15,39.9441,27.36,104.9,#N/A N/A,13.58,28.395,28.155,12.922,36.42,40.1506,56.8486,19.9226,20.6447,41.7,35.3448,20.44,15.4,31.625,6.3389,27.1,23.97,52.5774,10.407,77.1573,5.215,18.0758,3.6624,4.42,79.51,#N/A N/A,59.03,90.8,12.68,65.05,24.3187,21.34,16.79,69.2,9.0785,34.4,59.634,31.553,13.2284,18.6333,#N/A N/A,24.6483,31.996
9/30/2005,20.57,9.0501,36.145,43.3744,29.5,112.34,#N/A N/A,13.66,31.25,30.005,14.0172,39.06,42.2974,60.9953,20.4022,21.8906,44.14,35.173,19.46,15.14,34.45,6.3168,27.82,24.71,56.0315,11.567,83.6788,5.8125,19.028,3.6362,4.884,79.88,#N/A N/A,61.82,95,13.94,64.45,23.88,22.11,17.96,68.75,10.023,35.95,62.115,32.5181,13.4657,19.7833,#N/A N/A,26.2838,37.751
10/31/2005,20.85,8.3738,34.998,43.0059,28.9,117.83,#N/A N/A,14.1,30.075,28.509,14.1325,36.2,40.1506,60.9953,18.8641,23.1558,41.79,32.0067,18.6,14.75,34.35,5.9316,25.65,22.36,51.6645,11.663,83.9432,5.585,18.4675,3.6512,4.938,80.2,#N/A N/A,60.88,98,13.88,61.35,21.68,21.8,16.6,66.8,9.7571,35.675,60.138,33.9288,13.1592,19.35,#N/A N/A,25.4322,33.696
11/30/2005,22.44,9.1939,37.273,43.4878,31.43,123.49,#N/A N/A,16.25,31.325,33.321,14.4303,37.32,41.1886,64.8045,20.3117,24.5263,42.94,33.1848,18.43,14.1,35.275,5.8884,25.7,23,52.4047,11.122,89.0988,5.5875,21.132,3.8453,4.99,83.68,#N/A N/A,65.61,110.86,14.5,61.3,21.26,23.73,18.12,68.6,9.9038,38.338,62.348,36.255,12.4177,19.0333,#N/A N/A,23.8548,32.354
12/30/2005,22.99,9.1076,40,46.0676,31.9,127.94,#N/A N/A,16.9,32.355,34.729,14.488,37.05,41.6368,65.9135,22.4831,26.1269,43.14,35.6639,20.48,14.08,34.1,5.8461,24.76,23.43,52.3553,11.778,91.5664,5.7725,22.4988,4.197,5.51,87.06,#N/A N/A,67.64,114.38,15.45,62.8,20.99,26.25,20.2,74,10.2248,38.29,70.158,37.2944,12.566,19.3,#N/A N/A,25.6064,32.304
1/31/2006,24.24,9.1364,43.025,47.967,32.25,132.65,#N/A N/A,18.55,32.43,33.823,15.9675,37.23,42.321,70.7835,23.0712,26.7403,47.26,37.5784,23.19,13.03,35.925,6.1396,26.01,24.88,56.0562,13.778,95.7966,5.8575,22.5526,4.3921,5.654,87.84,#N/A N/A,66.92,111.73,15.05,66.8,18.72,27.78,21.74,75.45,10.8575,42.125,72.736,42.5656,12.4177,19.2833,#N/A N/A,24.9483,35.247
2/28/2006,24.25,9.8414,41.005,46.9464,30.76,135.4,#N/A N/A,17.41,31.63,33.253,16.4094,40.34,45.7651,74.882,24.8445,28.408,46.5,38.0448,21.91,13.24,36.15,6.1458,29.03,23.96,52.0592,14.593,104.7858,6.6175,24.2112,4.6519,6.026,88.48,#N/A N/A,68.72,113.75,15.7,74.25,18.25,27.32,21.36,71.4,11.2335,42.763,74.615,42.4419,12.7934,19.4167,#N/A N/A,24.629,42.98
3/31/2006,24.19,9.3378,40.798,48.7041,34.77,137.78,#N/A N/A,16.85,32.35,32.534,16.5439,45.45,47.6995,74.4958,26.0569,27.7563,47.4,40.675,20.69,13.92,36.8,6.1529,29.84,23.48,53.7123,15.647,109.3685,6.66,25.0328,4.6237,6.37,91.18,#N/A N/A,72.91,117,17.08,72.7,18.56,27.89,20.92,78.5,11.0501,44.753,74.654,44.1,12.8033,19.2,#N/A N/A,27.4258,45.017
4/28/2006,24.99,9.4242,41.838,48.619,31.28,132.7,#N/A N/A,16.8,33.98,36.028,16.8226,43.11,46.6616,72.7949,26.3735,27.8809,43.46,39.375,21.13,14.32,39.75,6.0436,28.48,24.22,54.0824,14.712,106.7246,6.455,24.7717,4.4174,6.45,94.06,#N/A N/A,75.21,112.32,18.05,73.5,18.51,27.35,20.35,74.75,11.2702,43.3,72.677,44.4217,12.5561,19.1,#N/A N/A,28.0064,43.735
5/31/2006,23.46,9.1796,38.7,45.9825,27.8,121.4,#N/A N/A,15.79,31.75,34.483,15.5352,40.14,44.4205,70.754,23.795,25.9736,41,35.85,21.16,12.67,39.275,6.1308,27.32,23.47,50.6,13.66,105.9315,6.2625,23.4433,4.2373,6.188,88.57,#N/A N/A,69.12,105.75,16.71,69.85,17.46,24.54,17.17,73.55,10.3348,40.968,65.041,40.0661,12.6254,17.55,#N/A N/A,27.087,39.044
6/30/2006,23.98,9.7695,37.38,47.4936,22.46,123.52,#N/A N/A,15.84,31.39,35.368,15.4487,39.06,46.8739,72.7463,22.9988,25.0719,38.63,40.275,20.96,12.58,39.35,5.9422,26.25,23.01,51.45,14.367,101.3488,6.7325,23.5969,4.2936,6.596,91.23,#N/A N/A,69.94,106.81,15.96,73.85,16.81,24.43,17.02,76.3,10.4724,41.25,65.923,40.3383,12.8725,17.83,#N/A N/A,26.5161,39.262
7/31/2006,25.69,10.1148,36.52,49.2711,22.55,122.98,#N/A N/A,15.43,31.505,37.957,15.9867,40.41,48.8319,74.0584,22.7998,26.3812,40.41,39.775,19.38,12.1,39.15,6.0912,27.85,24.01,53.25,13.756,102.9351,6.95,24.4032,4.2467,6.802,95.71,#N/A N/A,70.88,107.83,15.53,78.45,16.4,25.85,15.23,74.45,10.8759,35.818,61.156,39.8434,13.09,18.66,#N/A N/A,25.6548,41.688
8/31/2006,25.34,10.7766,37.2,51.3604,23.54,132.37,#N/A N/A,17.06,32.165,38.055,17.1396,40.44,50.6719,80.6187,24.4916,28.3354,41.2,42.25,19.79,11.39,40.4,6.1449,29.04,23.9,52.7,14.777,111.043,7.245,25.9159,4.9145,7.042,98.64,#N/A N/A,72.41,117.58,16.35,81.7,16.57,26.62,17.03,70.05,11.1051,37.273,64.131,41.2045,13.2482,18.7,#N/A N/A,25.9838,44.073
9/29/2006,27.15,12.0572,37.1,50.1754,22.68,136.48,#N/A N/A,18.44,31.575,39.561,17.5335,42.24,52.2289,82.4653,24.0935,28.4135,39.41,43.9,20.7,12.54,40.375,6.3424,31.4,23.37,51.75,15.339,110.6023,8.825,26.6377,4.8666,7.352,106.97,#N/A N/A,73.22,124.71,15.66,80.1,18.1,27.67,15.94,70.2,11.4353,39.1,66.669,43.5308,13.5152,19.42,#N/A N/A,27.5128,46.369
10/31/2006,27.6,11.8701,39.26,52.0153,21.25,145.42,#N/A N/A,17.92,34.53,38.823,18.1772,45,54.1633,83.7288,25.0526,29.1659,44.7,44.125,21.7,13.56,41.1,6.6289,31.5,23.63,53.05,15.718,115.5114,8.9875,26.653,5.0233,7.492,106.97,#N/A N/A,73.59,127.18,15.55,76.2,20.35,27.37,17.73,66.6,12.4348,38.97,68.317,40.2888,14.929,19.39,#N/A N/A,28.7128,51.439
11/30/2006,30.98,10.8773,37.19,53.2938,22.21,146.95,#N/A N/A,18.76,34.84,38.311,17.5335,41.66,54.8238,79.0637,25.7402,27.9445,43.84,47.425,22.5,13.39,40.55,6.7902,32.6,24.73,53.55,15.844,112.2288,8.375,24.718,5.0036,7.654,105.41,#N/A N/A,70.57,123,15.19,76.1,19.6,28.09,16.23,66.3,12.5724,39.465,69.644,40.4621,15.1168,19.95,#N/A N/A,28.1128,52.085
12/29/2006,31.22,11.5967,37.73,56.1004,26.1,154.76,#N/A N/A,18.84,36.925,40.013,17.5239,43.51,54.1633,80.3271,28.5359,29.9671,46.8,48.4,22.84,13.84,40.725,6.8889,34.85,25.48,54.65,16.857,114.0919,8.28,25.793,5.4866,8.162,103.58,#N/A N/A,72.05,130.42,15.48,75.9,20.95,28.57,17.58,69.95,12.9667,40.26,72.813,41.6252,15.9374,20.71,#N/A N/A,28.6548,56.21
1/31/2007,30.86,11.0788,36.92,55.7262,25.46,153,#N/A N/A,19.38,36.965,44.481,18.3021,46.8,55.7674,83.1456,27.414,31.5988,47.66,52.7,23.6,13.5,43.025,7.1595,32.99,24.7,51.8,17.181,120.2135,8.2,25.7623,5.4313,8.694,103.58,#N/A N/A,72.91,121,16.79,81.1,21.2,29.84,18.2,67.45,13.3793,35.41,81.893,45.857,16.5603,20.45,#N/A N/A,30.5612,56.458
2/28/2007,31.33,10.8773,37.12,54.0329,25.91,162.78,#N/A N/A,18.61,38.425,42.779,17.7064,43.91,56.4893,76.7214,28.5449,31.423,51.41,52.335,24.12,13.56,43.12,6.97,33.31,23.17,51.02,18.277,112.9741,8.2925,24.7794,5.1696,8.798,104.04,#N/A N/A,75.46,120.43,16.49,79.13,20.53,27.77,17.34,64.26,12.8475,34.81,77.28,45.4363,16.1154,19.5,#N/A N/A,28.887,66.249
3/30/2007,33.79,12.5895,40.93,56.9112,23.22,153.71,#N/A N/A,18.49,42.14,47.079,17.6584,44.17,57.7018,75.9925,28.9521,31.0126,61.4,58.01,22.66,12.38,43,7.0608,34.74,24.36,52.45,20.043,114.7751,8.8475,24.3033,5.3328,9.306,109.54,#N/A N/A,74.85,126.61,17.23,81.73,19.77,28.59,18.27,65.1,12.2514,33.37,77.542,47.515,16.3131,21.97,#N/A N/A,29.4387,76.566
4/30/2007,35.89,13.496,43.85,56.986,23.72,166.7,#N/A N/A,19.99,43.715,49.608,16.9571,45.32,57.1592,83.2428,29.1783,33.1524,59.87,59.275,25.34,13.38,44.3,7.3552,34.6,24.43,54.46,20.387,138.8444,9.125,25.8314,5.7961,9.076,117.07,#N/A N/A,77.48,131.09,18.66,88.12,21.59,30.28,17.8,67.48,12.0955,35.49,86.438,52.035,16.323,22.54,#N/A N/A,29.3999,74.091
5/31/2007,39.14,13.3377,47.44,55.0245,23.37,165,#N/A N/A,19.25,46.02,52.639,18.0427,49.77,54.9323,87.6455,32.6615,31.7454,68.15,58.8,23.64,13.78,44.655,7.4531,37.32,26.28,56,19.003,128.4554,10.725,25.4244,5.3178,9.382,124.13,#N/A N/A,79.06,139.9,20.35,88.3,22.83,31.6,19.13,71.66,13.0951,35.57,94.907,53.645,16.6987,22.04,#N/A N/A,31.3354,72.74
6/29/2007,36.78,13.424,46.78,60.7718,24.12,173.59,#N/A N/A,20.5,48.62,55.208,17.4855,48.01,56.6355,85.8766,33.1411,31.2764,68.59,55.48,24.03,13.69,44.185,7.0299,37.49,26.9,60.26,18.973,122.0145,10.3825,25.1787,5.1865,8.754,118.55,#N/A N/A,77.09,136.19,20.81,87.8,20.4,31.56,18.99,60.1,12.554,38.07,103.27,52.065,16.3527,22.98,190.4,30.8806,76.686
7/31/2007,37.12,13.4384,44.82,59.6928,22.27,156.39,#N/A N/A,21.9,47.65,51.439,17.4182,45.83,50.6813,79.433,29.7211,28.3647,66.89,53.08,21.46,12.64,44.95,6.6862,34.35,25.78,58.28,17.983,113.0628,10.3075,24.0499,5.238,8.874,117.61,#N/A N/A,74.59,126.84,21.17,84.41,19.86,29.91,18.44,61.5,12.7649,39.8,90.672,49.57,17.0942,22.4,175.01,30.3096,82.55
8/31/2007,37.64,11.2802,43.15,58.3457,21.78,157.32,#N/A N/A,21.73,48.565,56.999,16.2269,44.63,52.7573,75.2441,28.7711,28.736,65.18,52.24,21.33,13.64,44.55,6.6809,36.8,25.38,55.25,17.643,105.016,10.175,22.6678,5.1865,8.61,116.12,#N/A N/A,73.89,126.78,24.17,85.98,22.14,28.93,17.33,59.92,12.2881,39.53,89.335,48.75,18.0136,22.32,175.55,29.0419,91.297
9/28/2007,39.74,12.201,46,58.539,21.56,163.85,#N/A N/A,23.25,48.5,54.932,15.7946,45.23,52.0873,74.5832,25.1973,30.6608,70.64,54.79,20.4,13.78,44,6.9991,36.44,25.99,57.02,17.64,104.4039,10.3,23.904,5.0777,9.452,120.73,#N/A N/A,75.77,134.77,26.66,92,23.49,31.65,16.93,59.38,12.499,41.05,93.434,44.3,19.4077,21.61,180.62,28.6451,95.919
10/31/2007,40.74,11.9248,46.05,59.2438,23.44,155.22,#N/A N/A,24.04,47.75,56.625,16.6881,46.23,55.8335,73.9515,23.8312,30.1528,75.95,56.62,20.91,14.15,43.99,7.2873,39.2,25.2,55.65,17.913,102.7892,11.11,23.8349,5.118,10.27,125.19,#N/A N/A,80.1,132.42,27.35,90.64,25.46,28.55,17.51,60.54,13.7553,37.34,90.818,47.525,22.5319,22.26,171.55,30.0774,130.212
11/30/2007,37.43,11.1766,45.47,61.8695,21.94,141,#N/A N/A,23.73,47.38,55.444,16.3422,41.7,56.862,74.9817,23.3697,27.2899,69.55,54.47,23.21,15.1,42.83,7.2195,38.26,24.37,55.23,18.597,93.6689,11.27,20.3718,5.1114,9.524,105.25,#N/A N/A,74.75,124.52,27.27,94.93,25.95,28.66,13.29,65.01,13.4252,34.94,100.508,47.69,22.6505,24.16,153.63,30.3774,103.066
12/31/2007,35.63,10.9694,51.26,63.4848,21.83,147.95,#N/A N/A,21.66,50.705,61.535,16.102,42.35,57.9377,72.134,21.5783,26.7623,66.5,50.65,23.51,15.02,43.65,7.171,40,25.05,56.83,18.667,87.7692,10.4,20.5407,5.0739,8.404,100.65,#N/A N/A,74.51,132.94,26.52,97.98,24.62,29.52,14.03,62.98,13.5627,35.53,105.489,46.34,21.9683,25.01,149.5,30.3677,99.398
1/31/2008,34.29,10.0601,42.48,57.9652,17.04,119.46,#N/A N/A,17.75,43.605,53.958,13.5176,36.8,50.9833,63.9798,22.8613,22.3556,52.19,45.42,21.66,13.74,38.71,6.5583,36.17,21.59,48.71,17.813,73.8137,10.18,16.6476,4.4577,6.7,85.9,#N/A N/A,61.76,120.27,24.36,82.46,23.62,26.18,10.96,54.35,10.8484,32.2,83.511,38.56,19.3187,21.76,158.36,25.9838,92.341
2/29/2008,37.51,10.0486,41.94,58.5951,17.43,117.5,#N/A N/A,16.09,41.99,50.041,13.2198,36.18,49.0489,57.8958,22.2117,21.9648,55.79,45.96,21.98,12.57,39.3,6.2895,37.98,22.92,49.99,19.53,67.3882,9.6,17.0853,4.1736,6.87,83.07,#N/A N/A,61.49,116.39,24.1,78.72,22.28,25.98,13.31,48.79,10.9401,31.61,82.775,37.86,19.0221,20.41,161.9,25.3741,91.377
3/31/2008,34.85,10.8198,42.11,60.2292,15.01,125.48,#N/A N/A,15.58,42.655,49.953,13.4023,34.99,53.4461,62.0944,21.7864,22.4631,54.15,45.79,19.35,10.55,41.39,5.9237,38.24,21.6,47.04,17.967,58.7822,9.82,18.2141,4.1876,7.038,85.87,#N/A N/A,63.54,123.88,20.04,80.44,21.3,24.23,12.97,47.52,11.5728,31.48,66.524,40.98,17.9938,21.19,162.55,23.9516,104.617
4/30/2008,33.01,10.9579,40.99,60.3227,16.15,130.93,#N/A N/A,18.33,45.825,53.928,14.1901,35.25,53.6348,67.3037,22.2207,23.3571,49.93,47.43,20.03,11.54,39.95,6.1617,42.34,24.77,53.94,18.113,71.2363,9.41,18.8207,4.5093,6.996,76.92,#N/A N/A,66.17,124.26,19.72,76.21,20.16,24.15,13.52,50.15,12.7007,32.39,73.23,39.305,18.3597,21.65,165.68,25.229,105.352
5/30/2008,31.01,11.0673,45.32,58.9257,15.02,121.69,#N/A N/A,19.23,48.185,56.093,13.7674,38.07,53.097,64.4755,21.4426,22.1895,48.92,48.43,20.45,10.76,40.43,6.3688,43.79,26.18,56.09,20.023,63.3127,9.28,18.8437,3.9532,6.324,76.86,#N/A N/A,67.78,120.5,18.53,78.22,19.505,24.68,14.03,47.91,12.2789,35.52,70.662,40.37,18.241,21.15,167.1,26.1435,96.873
6/30/2008,27.56,9.8299,40.11,57.5392,12.04,111.9,#N/A N/A,15.65,43.82,52.61,11.6922,30.55,42.0851,55.9228,16.9189,18.4278,39.28,39,16.6,10.4,38.84,5.3234,40.82,23.7,54.2,18.327,52.4036,8.51,15.5534,3.4026,5.852,64.69,#N/A N/A,60,111.26,15.49,69.1,18.71,21.61,12.32,42.43,10.7016,33.26,68.336,34.305,16.6888,18.09,147.26,23.3225,91.476
7/31/2008,27.04,8.4314,39.41,57.8137,12.19,109.32,#N/A N/A,14.85,40.69,54.539,11.3656,28.91,45.0574,62.0069,14.9284,18.5499,37.33,36.5,15.09,11.155,31.76,5.2405,40.34,21.74,49.4,18.677,56.7161,8.76,16.1293,3.3979,6.21,64.21,#N/A N/A,63.94,106.8,17.65,67.4,20.37,21.48,10.89,45.07,11.4444,37.26,76.321,35.71,16.5405,17.75,144.51,26.0999,99.776
8/29/2008,29.64,9.8184,40.05,56.9492,15.33,114.1,#N/A N/A,16.13,39.38,53.151,11.1062,28,44.9064,59.7521,16.1046,21.359,39.9,38.85,16,11.31,36.41,5.5314,39.4,22.23,49.045,19.073,62.6492,8.24,16.3865,3.4448,6.372,72.95,#N/A N/A,65.54,106.18,17.08,67.91,20.135,22.24,12.14,48.61,10.6741,38.2,71.96,34.45,16.7185,18.87,141.88,25.587,104.666
9/30/2008,26.15,9.3545,37.7,53.1108,12,96.28,#N/A N/A,12.41,33.75,50.976,11.0101,27.29,47.1806,64.2228,13.5713,22.3703,35.4,32.98,14.78,10.77,35.11,5.192,36.5,18.6,42.58,17.297,58.7633,7.14,11.4644,3.6061,5.938,57.36,#N/A N/A,55.65,106.21,12.9,69.25,19.8,19.085,12.3,46.55,9.6287,37.67,63.714,30.1225,16.5998,19.84,142.18,21.3096,87.5
10/31/2008,19.68,9.6308,27.53,46.1748,12.94,58.02,#N/A N/A,13.6,26.07,42.474,8.6371,20.115,40.9905,54.4261,15.6522,14.5097,26.81,27.99,8.65,11.58,35.06,4.6014,34.655,18.53,42.815,15.333,39.9733,5.63,5.5556,2.6645,5.272,45.38,#N/A N/A,46.74,102.9,12.18,59.02,19.7,14.35,9.9,49.43,7.6755,27.605,45.021,23.35,14.2567,18.78,117.385,19.7467,48.208
11/28/2008,12.89,10.0613,24.46,45.8626,12.46,65.21,#N/A N/A,11.95,25.1,40.033,7.8204,19.675,42.722,42.1074,15.417,14.6074,24.655,31.58,11.29,10.89,31.445,4.326,31.455,17.73,41.05,12.943,31.6374,5.82,5.068,2.2134,5.26,34.18,#N/A N/A,40.18,106.96,11.09,63.66,20.22,12.76,10.19,43.45,6.3243,26.84,45.612,24.715,15.7001,18.3,105.085,21.5322,31.807
12/31/2008,16.58,10.1177,27.14,44.9021,12.03,75,#N/A N/A,12.75,27.73,40.889,8.32,21.61,40.7451,29.3998,16.1498,15.4819,26.7,30,11.91,10.75,33.57,3.9866,35.325,16.74,38.91,12.077,34.1206,6.54,5.6285,2.3799,6.266,42.64,#N/A N/A,43.05,111,11.1,62.3,19.96,13.83,9.634,45.4,6.639,25.24,51.049,26.5,15.6705,17.68,106.75,22.5145,37.791
1/30/2009,19.91,10.8325,27.13,39.129,13.705,66.1,#N/A N/A,13.01,22.72,40.948,7.0422,18.61,37.9803,29.1666,16.4665,11.9351,22,26.84,9.78,9.47,29.88,3.8742,30.07,16.64,39.175,12.833,31.2298,6.08,4.9006,2.3189,5.976,36.26,#N/A N/A,38.58,103.7,9.59,52.1,17.56,14.2,9.79,44.085,6.2161,27.85,42.618,24.88,13.7722,17.135,105.205,19.558,38.517
2/27/2009,21.8,10.1982,23.01,39.9008,11.66,53.63,#N/A N/A,12.21,21.96,37.474,5.5627,19.75,35.7157,25.2596,14.8379,7.1689,18.01,25.745,7.64,9.565,27.4,3.4775,25.29,15.86,37.48,12,23.6522,5.2,2.815,1.8157,5.986,43.46,#N/A N/A,40.9,96.96,7.52,51.32,17.81,12.735,8.09,40.915,4.8194,25.515,39.081,23.9,14.5434,15.305,100.235,18.3532,35.406
3/31/2009,20.75,9.4961,25.06,42.0173,8.76,63.26,#N/A N/A,13.35,22.79,35.427,5.8701,21.79,34.5928,30.2454,16.218,8.8426,19.08,27.955,8.11,9.35,29.1,3.1844,25.85,14.62,37.425,9.517,27.96,5.28,3.1867,1.9438,5.87,44.18,#N/A N/A,42.62,91.8,8.88,51.8,17.15,11.08,7.01,42.38,5.1047,26.68,41.678,25.055,14.8499,14.3,106.63,19.2822,43.079
4/30/2009,23.32,9.5905,28.62,42.4358,11,69.74,#N/A N/A,15.56,28.57,37.012,7.9549,26.25,34.0974,39.1188,19.87,12.4529,27.145,34.2,8.75,9.14,32.74,3.6428,27.3,16.45,38.345,10.453,37.1204,6,5.4412,2.2861,6.478,53.48,#N/A N/A,51.72,104.63,10.93,54.22,16.87,13.76,9.084,43.77,7.1505,29.025,49.45,28.955,14.2468,16.125,113.43,19.8096,47.711
5/29/2009,24.75,9.8564,25.81,44.9776,11.455,69.4,#N/A N/A,14.515,29.75,39.561,8.2431,25.395,33.1491,47.3799,16.6,12.8095,25.85,33.875,9.75,8.11,32.515,3.6847,27.755,17.06,40.75,11.35,38.8596,6.03,5.6992,2.3517,6.364,54.19,#N/A N/A,52.75,99,10.86,55.79,17.25,13.255,9.261,44.95,7.3668,30.35,49.847,26.2075,15.0476,16.805,113.38,17.9709,50.176
6/30/2009,25.74,9.4201,27.1,44.6689,11.51,65.63,#N/A N/A,15.41,28.33,37.612,8.589,26.84,35.18,44.9501,16.3,13.0831,25.78,31.985,9.285,8.4,33.98,3.47,26.54,16.85,38.48,11.123,36.855,5.78,5.5072,2.1524,6.834,53.21,#N/A N/A,49.03,96.19,10.44,53.28,16.16,13.125,9.4,41.87,8.4192,28.67,47.638,27.15,15.9374,17.04,106.16,16.4855,49.46
7/31/2009,27.92,9.1842,29.65,50.2602,13.38,69.2,#N/A N/A,18.37,35.16,42.375,11.0677,32.43,37.645,49.7124,16.75,14.4901,32.47,35.71,11.105,8.99,38.9,3.8125,26.805,16.33,38.91,11.5,42.6982,6.02,6.9094,2.4502,7.548,71.55,#N/A N/A,57.04,106.09,9.34,60.81,17.51,16,10.85,45.96,9.9929,33,54.266,31.87,17.2573,19.345,122.6,17.4435,54.659
8/31/2009,30.12,9.4052,32.86,51.0766,14.46,80.62,#N/A N/A,19.135,36.39,42.149,11.9036,31.775,37.93,54.5913,17.9,15.5161,31.53,37.425,12.035,9.275,37.67,4.11,29.39,16.54,39.97,11.76,53.2756,6.46,8.0973,2.8347,7.592,74.13,#N/A N/A,60.1,104.03,9.7,68.68,17.74,15.76,12.815,47.32,10.5585,34.06,58.578,32.15,17.3908,19.25,137.95,19.229,65.076
9/30/2009,31.21,9.4616,36.17,53.3406,15.345,85.37,#N/A N/A,20.1,36.21,46.597,11.6538,32.95,41.18,54.6,18.905,18.076,34.405,38.66,12.8,9.33,38.945,4.3375,30.345,17.08,40.605,11.203,52.1287,6.705,9.3681,2.8347,7.842,80.15,#N/A N/A,61.94,109.03,10.05,67.95,18.205,16.64,12.805,50.15,10.8191,33.28,61.32,34.63,18.6414,19.5,141.95,20.4629,79.111
10/30/2009,32.01,9.8759,31.5,50.3563,12.785,78.04,#N/A N/A,18.38,36.5,46.479,11.7402,33.295,40.955,51.45,16.649,16.6251,33.08,35.63,11.495,9.29,38.15,4.055,28.505,16.91,40.635,11.287,45.38,6.18,6.8618,2.6964,8,68.04,#N/A N/A,63.67,107.64,8.63,69.67,16.86,17.135,11,49.745,10.8142,30.8,59.566,35.505,18.8144,20.88,150.95,18.3048,67.263
11/30/2009,33.24,10.3352,38.13,53.1005,11.915,81.82,#N/A N/A,20.46,40.16,50.179,12.0525,31.425,39.81,55,16.78,15.87,33.72,36.825,12.47,9.82,38.635,3.985,27.81,16.5,41.21,12.87,46.89,6.32,6.204,2.7058,8.486,73.75,#N/A N/A,62.51,104.43,8.77,72.26,17.325,18.215,11.145,50.32,11.2224,31.82,63.239,36.445,18.9034,20.45,150,18.5709,56.16
12/31/2009,36.4,10.6586,37.77,56.9629,14.085,87.15,#N/A N/A,24,43.46,55.07,12.2302,31.8,42.83,55.9,19.01,16.54,37.23,39.47,13.485,10.29,41.75,4.0475,30.285,17.8,45.005,14.483,48.95,6.67,6.9,2.9543,8.678,77.08,#N/A N/A,70.64,108.67,8.92,78,17.43,20.68,13.69,55.06,11.3601,33,62.222,40.89,19.2989,22.78,153.7,20.1242,65.344
1/29/2010,36.15,10.4733,36.91,52.8192,14.2,80.42,#N/A N/A,22.97,41.225,48.688,10.6642,30.96,41.445,52.15,17.52,15,33.425,38.81,12.64,9.357,42.105,3.9025,27.42,16.93,42.05,14.773,42.205,6.18,6.864,2.605,9.127,80.93,#N/A N/A,71.26,108.5,10.14,76.45,16.625,21.9,14.185,53.6,10.1306,33.08,63.016,37.515,17.1683,22.465,157.2,18.2419,58.247
2/26/2010,36.76,10.3594,36.39,60.1737,15.155,84.8,#N/A N/A,22.51,41.24,47.896,9.1751,29.785,42.95,53.13,16.731,14.785,30.66,38.45,11.945,9.45,44.295,3.9825,26.97,16.57,40.98,15.983,40.4,5.914,6.565,2.4221,8.662,77.13,#N/A N/A,71.74,113.65,9.895,76.02,17.225,21.47,17.28,53.72,9.392,32.76,61.039,39.215,17.0497,21.935,145,17.9032,59.44
3/31/2010,37.3,11.3608,39.6,60.9764,14.895,92.83,#N/A N/A,26.46,45.92,49.283,9.7323,34.18,44.6,56.86,18.49,16.47,34.855,43.635,12.845,10.035,47.27,4.14,28.6,17.37,42.98,18.37,46.565,6.275,7.392,2.5862,9.761,90.19,#N/A N/A,77.99,120.15,11.53,77.86,17.715,23.74,19.3,55.19,9.6782,35.86,71.854,43.42,17.3413,22.38,150,19.1758,67.9
4/30/2010,36.6,11.8787,44.16,60.256,14.03,86.52,12,24.85,43.98,47.31,9.5526,37.13,44.38,52.13,21.431,15.1,38.815,42.125,12.235,9.779,45.935,3.9525,26.795,16.86,40.97,17.837,40.4,5.99,6.739,2.3424,9.326,92.83,#N/A N/A,78.26,106.2,9.155,78.31,16.445,25.43,19.23,51.66,9.393,36.225,72.038,42.965,16.8322,22.945,142.5,19.1613,72.54
5/31/2010,39.29,11.7867,40.92,58.4041,16.29,81.38,12.35,23.56,43.06,44.776,8.1855,37.965,42.02,46.295,18,13.455,41,36.895,12.12,9.115,46.45,3.7375,25.26,15.2,37.73,17.133,35.05,5.392,6.485,2.0375,9.083,89.72,#N/A N/A,77.7,103.5,8.37,76.37,15.5,24.39,22.215,49.45,8.1881,35.225,71.728,40.995,15.3887,22.285,126.95,17.0661,71.73
6/30/2010,39.74,11.7003,39.875,61.0752,16.87,81.85,13,22.865,45.11,45.268,8.2739,40.065,44.2,44.77,17.14,12.745,41.92,34.34,12.01,9.703,48.98,3.49,23.5,15.19,36.965,18.143,34.3,4.632,6.176,2.0493,9.417,93.83,#N/A N/A,80.94,103.35,6.71,80.97,14.285,24.72,22.965,49.53,8.5963,36.68,71.728,41.82,15.0822,22.56,134.75,16.2725,72.38
7/30/2010,40.64,11.3378,41.56,63.2047,18.18,89.1,13.5,24.47,44.81,43.413,9.9292,41.31,43.04,52.71,16.03,14.145,41.375,37.15,13.325,10.31,48,3.7675,25.49,15.69,38.71,17.833,44.235,5.415,7.38,2.3822,10.15,93.93,#N/A N/A,84.37,106.3,7.095,80.52,16.07,23.91,20.71,44.57,9.8051,35.04,72.474,44.25,17.2227,22.625,151.4,17.85,81.31
8/31/2010,41.05,11.1824,40.165,60.0507,17.365,80.94,13.6,19.675,41.635,47.414,9.1424,41.665,42.405,49.37,12.275,12.265,38.36,34.625,12.905,10.39,47.895,3.76,24.435,15.67,36.87,18.663,40.18,5.56,7.018,2.0774,10.53,94.02,#N/A N/A,82.71,100.8,6.745,78.5,16.04,22.11,19.39,45.27,9.0949,34.455,69.557,41.845,17.3018,21.105,148.8,17.8161,78.53
9/30/2010,43.15,11.3815,45.41,65.4879,18.295,82.9,13.495,21.91,46.255,50.336,9.5161,51.44,43.875,52.17,12.04,12.825,46.46,36.77,13.305,10.035,50.47,3.91,26.26,15.83,37.805,19.573,42.25,5.643,7.61,2.2345,11.654,108.66,#N/A N/A,96.97,101.6,7.37,82.48,15.85,23.055,20.62,48.875,9.1638,36.285,75.032,46.505,17.9592,22.09,162.65,19.4032,88.53
10/29/2010,45.04,11.4298,46.87,68.0125,18.885,90.04,14.635,23.71,52.28,52.767,9.079,51.51,45.475,52.55,12.305,13.08,47.43,38.38,13.4,10.41,47.98,4.1025,28.68,16.19,39.045,21.137,43.025,6.06,7.67,2.3705,12.002,107.79,#N/A N/A,101.48,112.35,7.76,84.36,17.265,21.73,22.78,50.18,9.0792,37.47,79.538,51,19.1803,21.345,149.7,19.8338,108
11/30/2010,41.93,10.7162,48.36,66.0074,17.26,84.5,14.8,24.92,57.5,55.06,7.077,57.93,45.125,45.6,13.4,11.06,49.87,37.3,12.345,9.866,48.135,3.62,25.55,15.5,37.315,22.003,35.705,5.295,6.802,1.8804,11.612,112,#N/A N/A,105.31,107,7.115,81.93,15.6,20.79,24.135,46.58,7.18,35.94,81.68,54.075,16.2044,21.795,133.95,18.1887,123.8
12/31/2010,42.8,11.3677,48.89,69.2566,17.44,88.93,15.68,28.9,59.7,54.42,7.56,58.85,47.02,47.61,15.5,12.45,50.73,40.68,12.7,9.655,48.175,3.74,26.85,16.34,39.65,20.917,40.22,5.768,7.28,1.9039,11.206,108.89,#N/A N/A,110.94,113.45,7.74,83.08,15.595,22.92,26.5,47.85,7.7976,38.1,89.829,56,16.7728,23.47,148,19.5483,121.4
1/31/2011,40.42,11.3838,45.49,66.7612,21.05,101.45,15.32,30.5,56.18,53.003,8.967,56.08,43.99,54.6,15.635,15.46,53.42,42.285,13.39,9.738,48.825,4.1275,28.975,17.3,42.715,21.227,47.23,6.26,8.324,2.279,11.038,106.83,#N/A N/A,102.78,114.4,7.82,84.8,15.955,22.765,26.4,49.875,8.8028,42.22,90.73,56.95,18.1372,21.805,139.4,20.2596,118
2/28/2011,40.42,11.1973,46.5,68.6492,20.96,104.4,14.085,31.455,60.26,55.286,8.946,58.78,45.43,56.58,16.785,15.22,51.05,43.62,13.29,9.745,51.75,4.318,29.375,17.67,44.41,22.037,50.95,6.323,9.087,2.2922,10.492,100.65,#N/A N/A,102.97,120.95,6.28,84.24,16.03,23.66,25.78,50,8.7881,43.72,94.568,59.95,18.1916,22.015,145.7,19.9935,122.9
3/31/2011,40.2,10.8981,44.455,68.6126,20.54,99.03,13.5,31.1,61.03,53.771,8.561,58.75,46.095,51.61,16.18,14.745,49.85,44.095,12.72,10.87,52.4,4.448,28.75,17.33,42.955,21.757,45.85,6.136,8.931,1.9583,11.324,98.96,#N/A N/A,100.67,111,6.035,82.2,15.81,22.555,24.94,49.475,8.0573,43.2,93.715,60.3,17.4649,22.25,152.85,19.5,114.45
4/29/2011,43.05,10.9107,50.26,73.0912,20.89,106.3,14.14,27.955,69.4,58.406,8.66,63.67,49.455,53.43,16.75,15.15,52.19,45.1,13.36,11.215,56.52,4.814,27.625,18.05,43.22,23.62,45.16,6.27,8.9,2.1027,12.108,110.49,#N/A N/A,109.27,111.45,6.22,85.61,15.835,20.02,26.2,53.4,8.4802,43.5,95.178,59.65,17.9444,22.185,157.95,20.5016,133
5/31/2011,41.92,11.4045,52.39,70.6397,22.88,96.18,14.26,27.005,64.26,56.044,8.115,61.48,50.95,54.22,15.135,14.84,49.105,44.835,13.085,10.33,56.27,4.774,25.56,16.66,40.03,24.323,41.24,6.15,8.379,1.803,12.634,110.67,#N/A N/A,108.96,106.6,4.75,87.43,15.9,19.275,28.25,55.02,8.1281,43.17,90.12,57.3,16.6839,22.63,156.7,18.7693,123.4
6/30/2011,40,10.6656,54.7,72.3301,23.08,96.33,14.31,25.4,67.57,54.558,8.09,68.81,51.45,53.23,15.27,15.67,51.9,44.17,13.25,10.815,55.93,4.504,25.235,16.31,39.88,23.993,40.92,6.137,8.489,1.836,12.568,112.36,#N/A N/A,111.84,105.45,4.47,89.56,14.665,17.71,29.45,55.44,7.8321,41.75,91.767,57.6,16.669,22.785,159.45,18.5564,142.35
7/29/2011,40.2,10.6909,51.79,70.2152,24.2,91.06,14.05,24.985,63.22,55.04,7.349,69.82,49.8,45.465,13.7,13.11,50.66,40.52,12.32,10.84,55.91,4.02,22.83,15.18,37.78,24.85,34.735,5.669,7.52,1.616,12.628,118.04,#N/A N/A,115.31,103.05,4.056,84.01,14.44,17.35,29.03,54.29,7.2045,43.645,86.612,50.575,15.3739,22.72,155.4,16.1661,139.45
8/31/2011,38.45,9.3349,48.485,66.2416,22.085,71.73,13.91,24.655,49.67,44.176,6.338,56.35,47.565,35.87,12.43,11.18,37.67,36.375,10.655,8.806,53.38,3.4,21.955,14,33.995,24.02,23.36,5.134,6.025,1.134,11.86,106.14,#N/A N/A,106.3,90.87,4.5,75.79,13.3,14.73,27.025,50.66,6.3144,38,69.654,46.55,14.3456,23.51,150.55,16.4177,115.95
9/30/2011,39.78,10.1476,45.775,64.3829,21.205,70.86,12.055,26.08,46.085,40.791,6.18,49.965,46.2,30.05,11.645,9.9,33.63,32.42,9.625,8.831,53.99,3.322,22.44,13.22,33.235,22.217,20,5.071,5.333,1.19,12.872,89.14,#N/A N/A,89.81,93.55,4.248,73.38,12.3,13.55,23.17,49.35,6.1217,38.315,66.01,40.57,14.2616,23.485,134.55,14.8403,100.05
10/31/2011,40.22,10.6644,51.16,68.6053,21.37,81.21,13.66,30.27,53.19,45.559,6.562,59.06,50.3,32.85,13.085,11.77,37,35.7,11.01,9.194,52.4,3.41,20.515,15.99,37.815,23.77,21.1,5.258,6.26,1.291,13.152,103.31,#N/A N/A,108.37,97.46,4.87,79.81,13.04,15.095,23.67,51.96,6.0754,43.625,73.86,42.65,15.2058,25.05,144.5,15.7258,126.8
11/30/2011,44.3,10.89,52.26,68.759,22.195,76.98,12.525,28.985,54.04,47.984,6.274,55.98,49.045,29.47,14.25,10.72,33.61,33.105,11.215,9.64,53.11,3.152,20.785,15.68,38.335,23.85,18.08,4.957,5.739,1.228,12.606,101.75,#N/A N/A,105.08,93.75,4.274,80.32,12.8,15.05,21.93,52.09,5.5069,44.375,72.668,42,13.8216,25.745,138.25,16.5677,127.65
12/30/2011,47.31,11.9766,50.26,69.9518,24.15,73.91,12.535,32.475,53.89,48.614,6.68,51.76,48.57,30.35,15.36,10.045,33.92,33.76,11.88,8.865,54.55,3.144,21.12,16.01,39.5,23.827,17.205,4.839,5.56,1.294,12.656,101.25,#N/A N/A,98.59,94.78,3.772,80.7,12.135,16.28,23.205,56.75,5.7735,40.85,71.65,40.68,13.2334,26.48,138.9,16.3742,115.75
1/31/2012,46.36,11.6601,55.08,70.4128,25.68,84.06,13.1,32.835,58.78,52.688,6.674,65.39,47.185,32.37,15.14,11.605,42.245,35.46,12.7,8.598,56,3.126,20.75,16.9,40.405,25.847,20.365,4.502,6.958,1.46,13.34,110.08,#N/A N/A,111.39,99.6,3.818,81.31,11.465,15.45,23.82,56.47,5.8522,46.19,69.906,47.48,13.179,25.48,146.8,15.4838,135.35
2/29/2012,50.42,11.9478,58.98,71.3714,27.265,91.03,14.3,34.5,65.9,54.617,6.729,69.43,50.78,36.635,16.04,12.105,45.395,39.085,13.185,8.76,59.76,3.012,19.47,17.31,41.99,25.867,24.25,4.442,6.658,1.461,13.862,116.76,#N/A N/A,113.82,109.45,3.94,85.61,11.455,15.755,25.155,55.51,6.1246,50.65,72.542,51.01,12.6649,25,145,15.6,140.35
3/30/2012,54.78,11.9593,58.54,73.1497,30.705,89.47,14.15,37.48,65.59,51.901,5.967,67.43,52.3,35.575,15.3,12.43,45.21,39.1,14.435,9.027,66.83,2.712,19.37,17.59,38.24,25.63,21.965,4.257,6.247,1.344,14.364,118.04,#N/A N/A,116.12,113.05,4.082,92.49,11.105,15.2,27.555,58.23,5.6751,52.36,73.249,48.99,12.1458,25.665,149.95,13.3161,131.85
4/30/2012,54.45,11.0293,63,71.108,29.825,84.18,15.44,38.44,62.19,52.364,5.106,71.81,53.15,30.35,15.315,10.7,41.765,35,14.1,8.517,66.54,2.48,17.39,16.77,36.07,25.133,17.86,3.517,5.327,1.143,13.59,115.61,#N/A N/A,112.79,109.65,2.714,90.89,10.335,15,28,57.66,4.6424,50.09,67.803,46.41,10.8853,25.96,141.2,13.5145,143.1
5/31/2012,54.75,10.936,60.19,70.4107,27.07,73.11,14.815,37.1,56.38,50.327,4.602,61.1,51.89,25.725,13.6,9.081,37.43,32.305,13.32,7.974,69.08,2.302,15.975,15.6,34.765,25.467,16.06,3.075,4.671,1.003,13.364,105.23,#N/A N/A,107.61,100.25,2.124,90.92,10.16,14.3,27.775,55,4.2244,46.4,64.45,43.07,8.8358,24.9,133.6,13.06,129.1
6/29/2012,61.3,11.2503,56.46,72.4875,27.94,79.11,16.7,40.065,54.7,55.877,5.629,56.93,49.015,30.335,15.11,10.48,35.345,36.785,13.94,8.654,73.3,2.542,18.755,16.78,35.5,27.26,18.41,3.719,5.266,1.118,16.306,102.71,#N/A N/A,108.01,111.15,1.62,92.24,10.375,15.57,29.2,59.74,5.1351,46.545,64.092,43.73,10.2525,26.42,145.1,14.63,124.6
7/31/2012,64.17,11.3896,61.11,73.2361,29.26,81.09,17.585,47.22,59.48,60.925,5.324,60.77,49.48,30.17,14.945,9.95,40.71,34.55,14.64,9.177,70.84,2.326,18.185,16.84,37.605,28.933,18.01,2.95,5.381,1.033,16.766,111.63,#N/A N/A,110.45,115.6,1.95,97.62,10.89,17.88,27.595,66.47,4.8686,51.86,66.96,46.03,9.1225,28.31,156.4,15.46,139
8/31/2012,66.78,11.3147,62.21,75.3049,30.32,87.27,17.76,45.035,61.81,60.689,6.073,57.66,49.55,34.555,14.025,11.51,39,34.59,15.445,9.485,69.39,2.62,19.575,17.62,39.705,28.273,21.05,3.154,6.082,1.25,17.682,113.65,#N/A N/A,116.98,117.7,2.26,97.74,10.995,18.28,27.855,65.05,5.5768,52.41,73.084,50.21,9.9263,27.735,162.15,15.59,140.4
9/28/2012,66.17,11.2192,63.84,77.6393,24.665,92.59,18.13,41.59,65.65,65.767,6.113,56.91,47.91,36.98,15,11.59,37.665,33.145,15.2,9.575,72.87,2.752,17.4,17.02,38.6,30.113,22.1,3.528,6.149,1.183,19.326,109.25,#N/A N/A,105.44,121.5,2.01,96.26,9.388,18.155,27.985,66.35,5.6997,55.11,75.207,46.055,10.2575,27.565,155.1,15.175,141.95
10/31/2012,64.51,11.3067,65.73,73.2522,27.41,95.66,19.1,42.45,63.93,66.121,6.437,61.45,47.425,38.81,14.36,12.265,36.025,34.145,15.295,8.809,69.55,2.9,17.705,17.71,38.82,29.333,24.525,3.99,6.816,1.239,19.688,124.12,#N/A N/A,113.01,124,2.078,98.27,8.602,19.29,30.695,67.82,5.6938,56.2,75.139,48.235,10.0449,27.75,173.85,15.785,159.6
11/30/2012,67.39,11.2296,67.62,75.5947,25.89,99.95,17.95,48.04,68.9,68.444,6.524,68.19,48.775,42.945,14.05,12.635,37.98,33.925,15.96,8.47,74.25,2.914,17.295,18.18,38.475,29.627,27.805,3.82,6.91,1.294,21.08,131.21,#N/A N/A,121.58,131.25,2.55,104.35,8.139,19.86,31.49,68.66,5.8168,60.04,76.844,54.04,9.9757,29.75,180.45,16.52,166.45
12/31/2012,65.74,11.6658,67.33,76.5123,29.5,104.8,19.05,48,71.15,70.747,6.96,72.93,49.905,42.585,15.3,13.35,41.32,35.96,16.6,8.595,76.02,3.138,15.575,18.34,39.01,29.033,28.34,4.195,7.061,1.3,21.1,128.88,#N/A N/A,125.09,136,2.926,104.9,8.339,19.895,32.595,71.39,5.9997,60.69,79.654,54.83,10.0746,28.68,181.95,16.95,172.15
1/31/2013,63.9,12.4543,68.45,75.7798,34.605,105.35,18.475,55.3,74.66,71.524,7.325,74.15,51.04,46.21,15.91,13.64,42.875,37.525,17.295,9.054,75.09,3.212,15.11,18.49,39.93,29.883,33.275,3.972,7.449,1.502,20.64,144.94,#N/A N/A,125.14,135.35,2.882,109.4,8.362,23.01,33.815,71.86,6.0774,60.34,78.337,56.1,10.559,29.69,174.05,15.79,182.15
2/28/2013,71.76,12.6615,69.8,75.0232,39.18,104.7,19.6,54.52,72.18,74.653,7.431,70.7,53.19,43.105,16.72,13.305,45.665,35.45,17.185,8.227,79.05,2.772,14.48,17.46,38.295,31.38,29.41,3.79,6.158,1.243,20.53,157.11,#N/A N/A,118.87,137.7,2.776,114.55,7.419,21.72,35.08,72.58,5.7154,59.85,77.154,58.92,9.8867,29.725,176.8,16.12,167.25
3/29/2013,77.25,13.7607,80.94,76.295,39.7,105.95,21.075,52.47,68.32,79.19,6.763,67.31,54.28,40.04,17.22,13.41,42.445,35.145,17.975,8.246,86.75,2.546,15.02,17.53,37.355,32.097,25.63,3.633,5.537,1.142,20.68,156.83,#N/A N/A,120.67,145.9,2.524,123.7,7.89,23.085,34.795,79.27,5.1558,62.5,81.428,57,10.3712,31.85,181.7,16.115,155
4/30/2013,72.25,13.7895,79.3,77.3737,40.105,112.05,22.415,56.45,70.92,77.96,7.37,70.05,58.01,42.31,16.325,14.215,42.015,36.56,18.02,8.982,85.44,2.936,16.3,18.16,38.27,31.74,27.58,4.09,6.232,1.377,20.41,152.85,#N/A N/A,118.51,151.85,2.544,135.4,8.124,20.97,37.29,83.22,5.4007,60.31,76.844,57.9,11.0138,31.965,198.5,17.2,153.9
5/31/2013,71.13,14.4168,84.09,79.9737,44.45,119.75,23.505,64.26,75.23,81.572,7.247,73.69,56.74,45.325,16.3,15.63,49.41,39.695,19.56,8.838,85.13,2.918,15.75,17.5,38.585,30.493,30.86,4.173,7.232,1.459,19.164,153.91,#N/A N/A,123.15,144.65,2.642,130.35,7.843,21.895,41.095,82.51,5.4489,58.03,79.083,61.34,10.4799,31.405,189.25,15.17,168.95
6/28/2013,68.39,13.1622,83.14,76.3675,41.065,112.25,24.555,60.62,68.63,80.627,6.445,67.18,57.66,41.975,15.55,15.095,46.485,38.555,19.095,8.964,81.74,2.41,15.045,15.78,37.505,31.57,26.4,4.056,7,1.231,18.968,145.15,#N/A N/A,112.2,141.4,2.846,126.25,7.268,20.945,40.125,79.62,4.8214,56.26,75.245,55.73,9.7335,30.205,179,14.55,155.55
7/31/2013,72.38,14.2557,83.8,80.3199,44.885,117.2,25.82,67.6,66.66,85.961,7.118,73.59,59.4,48.635,15.8,16.575,52.22,40.59,21.07,9.148,84.1,2.504,15.77,16.61,40.1,31.627,30.215,4.15,7.68,1.426,20.04,159.98,#N/A N/A,123.15,149.2,2.95,125.95,7.389,24.06,44.14,80.17,5.4037,55.29,82.31,59.81,10.5936,30.41,182.15,16.06,178.65
8/30/2013,70.38,13.8758,80,80.1025,43.605,108.4,24.44,66.31,66.13,82.703,7.22,71.29,56.34,47.415,16.01,16.485,51.92,39.07,21.86,9.692,81.69,2.502,16.4,17.28,41.915,30.347,33.115,4.012,8.215,1.485,20.03,158.86,#N/A N/A,119.46,137.9,2.926,126.25,7.676,23.39,42.015,72.69,5.2522,55.93,80.09,57.9,10.1586,28.51,170.1,15.345,172.1
9/30/2013,73.58,14.7391,80.18,82.8716,47.095,116.2,26.2,73,70.9,85.774,8.26,79.47,55.64,50,17.655,17.125,57.62,42.97,24.53,10.715,79.5,2.832,18.57,16.95,42.895,30.607,36.83,4.295,8.351,1.525,22.78,153.98,#N/A N/A,131.22,144.45,4.858,126.95,9.269,23.83,45.535,74.97,5.9289,54.67,89.06,62.51,11.3796,28.765,183.4,17.005,174.25
10/31/2013,76.6,16.1376,84.08,80.7384,50.61,123.9,27.35,69.92,76.63,90.084,8.629,83.54,54.62,54.54,17.9,18.4,60.44,47.245,24.925,11.6,79.1,3.25,18.34,18.65,45.265,31.91,41.82,4.628,9.383,1.831,24.2,155.56,#N/A N/A,127.79,153.9,5.57,126.15,10.11,26.08,47.075,78.54,6.4315,57.86,94.18,62.05,12.8379,29.175,193,18.695,187.2
11/29/2013,75.15,15.424,89.52,82.5899,52.26,127.85,27.565,68.89,78.6,96.638,8.794,84.57,53.48,55.25,18.66,19.285,61,47.325,26.03,11.685,77.21,3.348,17.07,17.71,44.595,34.733,42.335,4.688,9.558,1.78,23.47,151.75,#N/A N/A,125.05,161,5.96,123.15,9.615,26.345,48.455,77.84,6.4354,60.95,97.2,62.31,11.9728,28.98,192.45,18.695,195.3
12/31/2013,77.26,15.0211,92.64,82.7509,55.81,130.35,31.105,68.04,77.49,100.328,8.948,85.22,52.32,56.65,18.3,20.21,62.9,47.72,26.5,12.43,77.28,3.174,17.095,17.49,44.53,37.2,42.22,4.635,10.1,1.794,23.96,142.83,#N/A N/A,119.5,160.15,5.82,127.7,9,26.645,50.51,77.12,6.399,62.31,99.29,63.4,11.7009,29.23,186.25,19.155,204.15
1/31/2014,71.05,14.2326,82.89,75.0232,52.61,123.8,29.355,62.98,79.53,96.333,8.86,80.82,49.005,57.45,19.065,19.5,62.13,48.565,25.67,12,74.53,3.388,16.385,16.85,42.34,38.55,42.08,4.577,9.84,2.01,22.14,137.62,#N/A N/A,119.1,153.15,5.145,122,9.176,25.84,52.76,72.8,6.3046,56.66,93.96,59.89,11.3104,27.7,178.7,19.94,188.05
2/28/2014,75.95,15.5563,84.4,80.3038,53.39,129.7,31.865,63.05,83.42,101.263,8.995,84.2,51.18,59.46,21.45,18.94,67.52,54.13,27.21,12.295,75.66,3.72,18.59,17.48,47.03,37.533,48.375,4.817,10.57,2.246,20.86,138.13,#N/A N/A,121.53,158.65,5.585,122.75,9.069,25.36,51.01,75.33,6.458,58.52,96.76,64.75,10.9842,28.63,190.9,20.715,189
3/31/2014,76.1,15.4912,78.54,79.1446,51.99,122.7,30.15,67.23,80.68,96.618,8.718,91.62,51.33,55.99,20.195,18.865,68.59,53.91,26.97,11.73,73.2,4.108,19.86,18.21,47.6,37.867,44.705,5.076,10.275,2.46,21.78,137.62,#N/A N/A,118.92,158.6,5.39,119.7,10.72,25.505,50.29,75.68,6.8072,58.76,97.7,64.35,11.3549,29.85,188.5,20.22,188.1
4/30/2014,78.44,14.7741,76.93,82.9923,49.49,124.85,29.955,59.43,83.43,98.41,8.845,90.18,53.16,54.11,20.91,18.775,66.73,54.34,27.135,12.085,77.09,4.074,18.175,18.71,51.48,36.517,44.8,5.035,10.235,2.46,21.63,148.17,#N/A N/A,127.75,166.45,5.395,124,11.675,23.075,48.445,78.02,7.0491,58.04,95,67.55,11.9333,30.515,194.45,19.34,194.1
5/30/2014,80.51,14.1631,78.74,86.011,52.61,124.4,32.23,62.96,84.47,104.412,9.404,92.09,54.63,51.37,20.08,18.11,69.7,54.3,27.21,12.325,77.06,4.152,20.485,18.69,51.48,36.483,42.265,5.279,10.275,2.458,21.3,150.68,#N/A N/A,131.53,162.6,5.925,128,12.265,23.17,49.785,78.44,7.4003,56.16,97.46,69.08,12.1706,31.985,205.1,19.24,195
6/30/2014,83.9,14.5669,73.97,87.3071,48.94,121.7,30.12,68.01,85.03,101.509,9.309,92.62,54.24,49.545,18.74,17.455,68.4,54.6,26.41,12.8,77.45,4.254,20.105,19.98,52.78,36.3,38.255,5.583,10.26,2.256,22.48,148.87,#N/A N/A,126.89,161.9,5.53,125.85,11.525,23.175,47.815,77.58,7.5045,56.4,96.45,68.75,12.3782,32.055,212.45,17.87,191.8
7/31/2014,80.98,13.8709,59.41,84.1371,43.36,124.9,29.5,70.76,77.64,97.347,9.219,89.34,54.09,49.5,17.48,17.19,61.88,51.62,24.015,12.105,72.97,4.264,19.25,19.06,48.09,37.3,37.555,5.566,9.745,2.23,21.855,148.68,#N/A N/A,115.9,158.8,5.93,126.4,11.75,23.08,43.895,78.62,7.4229,58.86,92.4,63.22,12.0717,31.385,200.65,18.77,174.55
8/29/2014,84.55,13.8125,57.04,86.1028,46.805,129.8,28.3,72.81,78.29,100.427,9.21,88.6,53.14,51.38,17.58,18.85,62.24,49.75,24.885,11.38,80.72,4.026,18.745,18.98,50.19,37.13,38.555,5.585,10.465,2.264,22.05,149.89,#N/A N/A,119.01,152.6,6.395,126,11.52,23.19,49.885,83.5,7.4652,59.2,95.34,64.32,11.9333,31.69,204.4,19.795,170.85
9/30/2014,88.12,13.6212,59.25,85.5096,49.82,128.35,29.62,78.82,72.63,109.136,9.551,85.02,53,52.52,18.11,19.51,60.73,46.005,25.39,12,86.94,4.202,19.86,18.87,51.45,39.195,40.42,5.67,11.31,2.406,21.875,148.4,#N/A N/A,115.99,156.55,6.755,125.7,11.905,25.265,51.38,89.56,7.4858,57.1,94.37,60.8,12.1162,31.56,203.7,19.12,164.4
10/31/2014,88.11,14.1737,58.05,85.2262,47.6,126.7,29.3,79.45,70.24,111.646,8.908,85.32,54.22,50.14,17.67,18.41,62.03,45.475,25.055,12.02,88.1,4.07,19.355,17,47.42,41.05,38.415,5.641,11.41,2.338,22.415,143.1,#N/A N/A,121.98,156.85,6.66,125.1,12.715,22.29,50.5,73.66,6.9124,54.24,89.91,62.88,11.8591,31.075,204.45,19.475,170.05
11/28/2014,94.46,15.0928,64.5,89.6093,48.995,138.45,32.015,84.93,73.01,119.026,8.638,91.95,56.75,51.56,19,19.415,67.8,43.475,26.715,13.7,90.3,3.88,19.815,16.07,44.99,43.595,39.89,5.946,11.78,2.478,23.415,154.4,#N/A N/A,130.23,165.65,6.69,137.2,14.165,24.255,52.03,77.86,7.1298,56.68,95.16,65.6,12.7341,32.895,212.5,20.48,185.2
12/31/2014,93.86,15.6772,57.62,91.0703,41.35,137.35,33.085,89.5,69.88,111.203,7.854,89.77,54.45,49.26,19.9,19.205,68.97,45.51,27.045,13.25,92.68,3.696,19.43,14.51,42.52,43.16,34.99,5.597,10.83,2.422,23.705,148.26,#N/A N/A,132.25,165.75,6.56,139.3,14.15,24.15,51.25,75.66,6.881,58.26,93.75,60.61,11.785,32.455,212.85,20.69,184.65
1/30/2015,108.1,17.0372,61.19,99.1723,47.2,146.4,35.59,93.28,79.5,126.013,7.6,103.4,59.57,46.775,21.315,20.855,80.48,46.84,28.77,15.285,99.07,4.006,19.725,14.9,45.5,50.76,35.835,6.128,11.12,2.598,26.135,166.76,#N/A N/A,143.5,178,6.845,159.05,15.62,24.545,59.19,82,5.862,57.86,93,67,13.1543,38.635,250.1,21.035,198.3
2/27/2015,113.7,17.8128,69.43,104.5737,55.33,149.6,36.85,96.61,85.65,129.95,8.98,113,62.33,52.09,25.315,22.69,86.51,53.02,30.43,16.67,104.45,4.118,19.875,16.68,48.235,51.18,41.315,6.107,13.355,2.984,28.085,169.18,#N/A N/A,163.9,185.5,7.185,162.25,16.3,26.77,62.9,87.7,6.4256,62.84,99.82,71.98,13.7376,38.94,257.6,21.815,225.5
3/31/2015,113.8,19.4969,73.69,106.079,60.44,161.85,39.96,94.79,92.55,137.724,9.408,116.45,62.62,56.57,24.23,23.455,89.73,53.23,29.095,17.05,106.8,4.212,18.405,16.13,46.275,55.59,44.97,6.002,13.645,3.166,29.88,168.99,#N/A N/A,164.15,200.75,7.11,171.35,14.965,26.425,65,91.93,6.9016,67.53,100.7,72.35,13.26,39.06,251.05,23.125,247.85
4/30/2015,108.9,18.3812,73.42,103.4226,62,152.6,40.83,96.71,89.48,127.834,9,106.1,64.51,56.44,25.115,22.615,86.33,54.82,29.555,16.475,108.75,4.236,18.205,17.18,48.485,53.43,44.705,5.977,13.795,3.016,28.675,153.42,#N/A N/A,156.6,174.9,6.045,170.45,14.74,25.655,65.25,91.2,6.6449,67.93,97.51,66.84,13.64,38.99,246.5,22.415,231.45
5/29/2015,109.45,19.6722,71.53,103.8653,62,142.75,41.435,101.75,84.2,127.096,8.993,100.7,62.53,54.93,25.52,22.915,85.28,54.08,27.445,15.645,111.15,4.418,18.375,16.39,45.975,57.93,42.525,6.296,14.975,3.282,30.16,148.68,#N/A N/A,162.15,168,6.645,171.95,14.36,24.805,64.41,89.15,6.3774,67.39,95.78,68.78,12.88,38.73,233.85,23.19,221
6/30/2015,107.5,17.85,68.65,100.4563,58.2,139.7,35.755,92.7,78.82,123.553,8.792,98.18,57.99,54.15,25.32,22.63,81.64,51.88,26.205,15.45,107,4.064,16.64,15.92,43.57,57.55,41.87,6.042,14.81,3.252,29.155,148.87,#N/A N/A,157.15,159,6.09,160,13.81,22.82,60.79,88.24,6.161,62.6,90.35,61.93,12.75,37.4,226.7,22.625,208
7/31/2015,108.35,19.2578,74.47,104.9721,64.6,149.1,39.71,90.64,78.55,132.164,9.214,91.3,61.69,59.31,26.915,24,81.39,58.4,27.52,16.45,116.6,4.286,17.485,15.96,45.075,62.83,44.8,6.424,15.49,3.502,31.175,163.23,#N/A N/A,170.7,167.3,6.43,170.35,14.935,25.315,68.86,97.97,6.1807,65.26,97.44,63.59,13.94,40.69,242.3,23.935,182.4
8/31/2015,97.46,18.7159,66.72,94.6122,58.09,142.25,37.31,81.68,71.82,119.026,8.263,82.22,55.39,56.27,26.69,22.475,71.66,57.41,24.555,15.245,106.4,4.016,15.985,14.63,40.805,63.05,43.455,6.055,13.645,3.254,29.74,141.99,#N/A N/A,148.65,163.8,5.58,152.7,14.09,22.92,69.62,88.17,5.3702,59.99,88.46,56.33,12.59,35.59,231.25,22.045,169.5
9/30/2015,94.92,18.4981,72.01,93.5496,52.91,140.25,38.225,78.16,68.32,112.63,7.58,79.22,56.42,52.46,23.5,21.635,64.85,56.71,24.775,15.885,108.9,3.988,14.44,14.05,40.2,60,39.85,5.947,12.65,3.156,29.93,135.71,#N/A N/A,152.2,166.75,6.105,155.05,13.52,21.045,67.3,84.89,4.666,57.95,79.94,50.01,10.83,35.915,231.3,21.13,97.75
10/30/2015,108.7,19.6775,81.55,104.3966,63.36,159.35,38.76,84.61,74.53,119.42,7.84,93.36,63.41,55.26,24.86,24.325,78.97,61.38,27.07,17.005,119.6,4.196,15.955,14.86,44.145,66.75,42.31,6.497,13.235,3.168,34.105,156.68,#N/A N/A,169.6,181.5,6.77,166.05,16.035,24.59,69.11,91.85,5.0161,71.88,91.5,55.08,12.03,40.92,254.1,21.915,109.3
11/30/2015,121.95,21.8769,91.59,102.2715,68.44,167.65,37.965,87.47,78.34,124.291,7.856,103.3,66.33,56.11,27.85,25.61,84.73,61.56,27.665,17.455,123.55,4.174,16.49,15.42,47,69.49,45.18,6.631,12.995,3.248,34.06,152.03,#N/A N/A,158.75,190.75,6.835,167.6,16.36,25.88,69.88,84.38,5.083,74.59,98.14,60,11.675,41.47,243.1,19.93,131.55
12/31/2015,114.4,20.6922,89.91,91.7787,62,163.55,40.685,82.55,70.72,113.958,6.739,97.63,62.28,52.23,26.7,25.23,77.58,59.14,25.955,16.69,115.05,3.892,16.325,13.8,41.265,65.97,42.57,6.55,12.45,3.088,31.69,146.82,#N/A N/A,144.9,184.55,6.595,155.3,15.485,23.56,63.37,78.6,4.483,73.38,89.88,52.56,10.235,40.74,234.4,19.86,133.75
1/29/2016,115.85,22.1266,94.98,84.3142,57.82,148.65,37.515,84.22,61.1,101.755,5.896,76.66,63.45,43.725,24.28,22.77,64.16,62.42,22.33,16.015,114.35,3.768,14.695,13.28,40.92,60.94,35.18,6.448,10.595,2.618,30.185,144.13,#N/A N/A,148.2,176.85,6.6,157.55,16.33,24.495,59.66,76.55,3.8703,73.19,88.18,49.11,9.678,40.68,232,20.03,106.9
2/29/2016,103.6,21.4837,98.46,85.1642,59.78,137.25,37.165,84.62,60.18,94.896,5.855,75.15,64.23,43,23.7,20.295,63.1,63.82,21.935,15.47,109.65,3.704,14.285,12.95,41.375,60.88,32.425,5.964,10.895,2.342,28.62,149.38,#N/A N/A,153.8,181.55,5.605,156,16.015,23.435,57.31,73.19,3.6913,69.94,85.46,54.77,9.244,39.53,229.75,19.13,107.7
3/31/2016,109.25,21.0056,103,87.5639,58.35,142.95,37.69,89.28,66.3,101.657,5.842,80.7,62.51,44.23,24.83,20.69,67.37,65.47,24.42,15.775,108.55,3.898,13.64,13.3,40.06,64.21,32.48,5.861,10.63,2.434,29.565,146.03,#N/A N/A,150.5,178.75,5.225,157.45,15.395,25.035,61.48,70.86,3.8103,71.1,93.15,55.54,9.852,39.455,241.8,18.48,111.85
4/29/2016,108.1,20.1875,112.6,87.6613,54.61,148.25,39.74,84.4,72.15,99.148,5.983,80.5,61.17,46.24,25.37,22.015,60.69,65.24,25.64,15.285,113.05,3.958,14.4,14.2,43.93,63.52,34.25,6.204,10.695,2.42,28.035,139.11,#N/A N/A,145.1,161.95,5.15,158.45,14.48,24,60.17,72.11,4.3483,68.32,91.12,56.84,9.522,38.56,234,16.76,126.45
5/31/2016,113.85,21.1544,115.15,85.4742,56.02,146.7,41.635,89.4,69.43,84.268,5.961,75.89,63.08,49.765,27.235,22.58,61.39,67.59,26.215,15.87,117.35,4.074,13.845,13.73,43.675,67.83,36.99,6.096,11.195,2.308,30.36,134.92,#N/A N/A,144.05,168.85,5.14,168.9,15.615,24.22,63,73.69,4.2204,72.96,96.79,58.11,9.391,40.67,241.9,17.83,134.35
6/30/2016,117.6,21.1437,128.45,83.2871,51.73,127.8,39.275,88.39,68.64,88.569,5.064,65.79,63.41,39.755,26,17.805,53.52,63.69,25.175,15.28,118.85,3.98,14.51,14.52,43.38,65.82,28.21,6.087,9.179,1.702,29.91,135.2,#N/A N/A,136,150.25,5.105,172,14.655,22.395,60.92,74.92,3.3726,67.16,91.81,53.06,8.46,41.475,233.65,16.9,108.3
7/29/2016,115.3,21.36,146.75,84.4647,52.63,128.3,41.995,98.94,70.26,94.69,5.225,77.05,68.88,44.355,27.475,18.23,60.82,67.89,26.69,15.225,114.55,4.118,14.725,13.68,42.76,66.79,30.555,6.145,10,1.97,30.94,157.93,#N/A N/A,153.4,149.2,5.14,170.25,13.69,23.87,60.8,76.15,3.7316,78.41,97.12,58.52,8.768,41.905,246.15,17.585,125.8
8/31/2016,111.05,21.465,148.95,87.068,52.29,133.55,41.195,95.37,72.9,94.444,5.578,78.01,68.11,45.605,30.35,18.82,62.08,67.99,28.4,14.97,113.85,3.958,14.29,13.54,42.75,65.42,32.645,5.9,11.22,2.13,31.765,157.98,#N/A N/A,151.7,162.05,5.04,169.35,13.69,26.04,62.68,69.07,3.9539,78.76,107.05,61.09,9.03,41.235,246,17.38,124.5
9/30/2016,116.6,20.29,154.5,86.7727,53.84,132.1,44.47,97.69,76.11,88.008,5.382,74.81,66.05,45.77,29.765,18.94,62.71,68.12,27.82,14.92,114.8,3.968,13.79,12.82,42.17,71.01,30.78,6.052,10.99,1.974,33,166.9,#N/A N/A,151.8,166,5.16,168.1,13.93,26.38,64,67.64,3.8821,80.92,104.2,62.06,9.015,41.145,240,17.95,116.95
10/31/2016,104.55,20.795,149.4,84.2545,54.15,142,43,96.5,80.3,88.854,6.578,79.37,63.08,52.84,29.665,20.535,64.91,65.98,28.23,14.845,102.4,3.92,13.135,13.21,43.72,67.24,35.56,6.209,11.995,2.11,31.845,187.82,#N/A N/A,165.55,176.6,4.068,163.05,14.35,27.46,62.63,70.96,4.4034,80.24,103.45,61.14,9.26,38.2,217,18.42,125.2
11/30/2016,98.04,18.61,139,87.3455,60.27,149.8,42.76,97.62,80.99,87.181,5.826,80.41,59.36,54.78,31.495,22.23,62.76,61.23,29.49,14.865,100.1,3.814,11.65,13.14,44.955,67.75,40.585,5.679,12.85,2.096,32.275,190.56,#N/A N/A,171.7,171.85,4.06,161.05,13.755,27.14,64.77,76.11,4.2421,78.88,106.6,62.82,7.852,37.93,208.25,17.99,121.8
12/30/2016,100.55,20.03,150.15,96.0455,62.84,157,43.17,106.65,88.31,97.553,6.414,88.75,60.2,60.55,32.955,23.985,70.72,64.7,31.235,16.355,107.35,4.188,12.12,15.47,48.72,74.26,46.745,6.234,13.37,2.426,32.43,198.27,#N/A N/A,181.4,179.65,4.588,173.4,14.435,29,68.42,76.9,4.8775,82.81,116.8,66.11,8.82,39.05,226.75,18.055,133.35
1/31/2017,96.15,19.695,145.65,90.9091,62.76,156.8,42.745,112.4,89.12,100.673,6.275,84.17,57.99,59.18,32.245,22.72,69.35,64.9,30.955,16.16,108.4,3.864,11.065,14.21,46.66,72.93,45.255,5.834,13.25,2.17,30.535,204.69,#N/A N/A,186.6,173.8,4.15,168.35,14.325,27.135,62.7,74.49,5.0643,84.63,116.25,66.22,8.925,37.485,212.95,16.94,143.9
2/28/2017,103.25,20.06,158.4,92.6364,69.32,164.2,43.905,114.45,87.9,102.149,6.178,84.37,62.56,55.13,31.865,22.27,68.64,68.01,32.375,16.31,108.15,4.052,11.54,14.52,47.05,75.02,41.91,6.274,13.015,2.2,30.32,213.56,#N/A N/A,189.45,178.4,4.838,175.55,14.265,28.535,67.16,81.33,5.0692,87.95,122.8,63.89,9.649,44.45,215.35,16.655,139.7
3/31/2017,102.9,20.06,178.3,97.3636,71.33,173.65,47.56,124.4,92.92,106.331,7.27,85.51,63.76,62.43,33.07,24.255,69.2,74.3,32.105,16.425,113.9,4.414,13.28,15.35,47.415,75.33,47.55,6.705,14.17,2.546,33.04,225.37,#N/A N/A,205.85,183.4,5.03,180.15,14.565,30.13,70.03,84.62,5.6505,91.98,128.4,68.63,10.485,46.345,219.1,18.225,136.6
4/28/2017,103.4,19.02,183.9,100.5455,74.23,174.8,49.5,121.35,89.46,111.793,7.349,87.65,64.18,64.78,33.475,24.51,68.4,78.1,33,16.1,118.95,4.364,12.95,14.27,47.17,74.41,50.21,6.602,14.945,2.674,35.21,264.5,#N/A N/A,226.5,175.95,5.25,182.85,14.2,31.82,76.02,86.61,5.8885,92.07,131.6,72.5,10.155,47.895,225.45,18.215,145.55
5/31/2017,103.85,19.63,170.25,98.6364,73.07,170.9,51.85,117.5,83.84,116.222,7.252,83.29,66.08,62.82,32.055,23.74,64.61,77.73,32.515,17.725,118.35,4.758,13.585,14.09,47.27,76.21,46.67,7.098,14.89,2.548,36.395,273.66,#N/A N/A,227.15,175.75,5.645,190.45,15.64,31.46,78.8,88.17,5.6859,95.44,127.05,68.56,9.914,50.82,229.65,19.305,133.75
6/30/2017,96.71,16.74,167.75,98.3636,72,172.4,52.35,114.1,81.09,111.4,7.265,81.28,65.81,63.06,30.975,23.95,63.37,74.73,32.82,15.72,111.4,4.694,13.215,13.16,43.285,75.06,47.11,6.933,15.1,2.776,33.61,277.19,#N/A N/A,218.3,176.55,5.355,182.4,13.89,31.095,80.24,83.76,5.6968,91.45,120.35,67.27,9.038,48.49,220.65,19.49,133.35
7/31/2017,101.8,17.295,193,94.2727,70.6,180,52.06,128.15,80.59,105.446,7.651,77.71,63.09,65.57,29.695,24.96,59.29,75.74,32.8,15.445,107.1,4.824,13.605,13.37,42.96,71.43,49.6,6.664,15.815,2.912,33.59,274.68,#N/A N/A,212.7,181.5,5.38,175.1,14.22,32.38,79.93,80.72,5.774,89.68,114.75,66.35,9.56,49,211.35,19.57,130.1
8/31/2017,99.52,15.1,188.55,93.2273,70.61,179.75,52.07,130.5,81.37,105.79,7.422,78,66.15,63.91,29.335,24.375,61.23,77.35,34.845,15.16,106.05,5.085,14.02,13.17,43.445,71.09,47.03,6.861,14.9,2.836,31.915,293.09,#N/A N/A,220.25,173.4,5.205,177.35,14.275,31.78,81.59,81.66,5.459,88.1,109.8,67.73,9.059,50.03,213.55,19.275,125.35
09/29/2017,101.3,15.82,191.4,102.5909,80.41,189.95,54.99,144.05,90.04,113.466,7.561,85.83,66.37,68.25,32.275,25.59,67.47,80.4,37.665,15.785,104.75,5.095,14.37,14,45.445,68.25,49.535,6.572,15.6,2.992,31.885,313.3,#N/A N/A,233.45,180.9,5.08,179.9,13.86,34.93,86.44,84.01,5.907,92.69,119.2,73.63,9.192,49.9,205.75,21.42,138
10/31/2017,105.05,16.155,191.05,109.3,87.75,199.35,58.25,154.8,93.62,109.923,7.513,87.5,70.14,67.04,32.37,25.93,71.29,84.05,39.32,15.64,108.7,5.325,14.51,14.04,47.87,71.71,47.8,6.938,15.86,2.886,32.095,365.78,#N/A N/A,256.1,192.05,4.216,191.05,14.085,34.955,90.43,81.29,5.823,97.66,122.5,75.45,9.006,49.86,214.85,21.325,155.9
11/30/2017,96.7,17.995,175.2,105.15,87.29,198.15,60.57,147.6,94,105.446,7.182,84.68,70.92,63.58,28.95,25.35,69.52,85.84,39.89,15.01,108.05,5.455,14.705,13.81,47.405,60.61,42.31,6.672,15.155,2.822,29.74,346.49,#N/A N/A,244.5,186.95,4.216,185.8,14.48,32.625,89.53,76.6,5.643,94.65,114.2,72.21,8.605,48.5,214.95,22.365,178.1
12/29/2017,93.13,18.335,167.15,105.05,83,191.5,60.11,145.15,91.74,102.346,7.112,86.83,69.95,62.25,29.955,24.735,70.8,85.15,39.75,14.795,114.95,5.13,14.335,13.8,46.045,65.07,43.05,6.46,15.325,2.77,29.045,365.31,#N/A N/A,245.4,180.75,3.894,184.95,14.475,31.54,85.91,71.85,5.479,93.45,116.15,70.86,8.125,47.23,210,22.42,166.45
01/31/2018,91.14,17.97,187.3,108.55,92.5,203.5,62.48,163.2,94.32,103.743,7.568,91.97,69.46,66.6,29.92,26.495,73.73,87,38.07,14.125,114.4,5.11,13.98,14.486,46.635,70.48,46.855,6.558,15.83,3.1605,28.87,379.07,#N/A N/A,252.6,189.55,3.877,183.1,14.545,32.86,90.94,71.12,5.983,90.83,122.16,75.48,8.253,46.6,206.6,23.63,177.02
02/28/2018,87.48,18.502,182.6,103.15,98.34,192.02,60.56,161.3,86.41,94.699,6.89,86.82,65.75,65.37,27.27,25.86,70.47,81.32,37.64,13.26,107.85,4.779,12.875,13.714,46.97,67.1,47.12,6.076,14.478,3.096,24.96,360.66,#N/A N/A,246.5,184.1,4.803,177.05,13.94,31.53,90.9,65.03,5.667,86.2,108.44,71.58,7.993,43.1,191.75,21.25,161.12
03/30/2018,89.28,19.242,196.65,99.48,93.8,183.4,59.98,160.15,82.47,90.33,6.429,88.15,65.73,60.17,27.57,21.6,68.97,79.9,35.52,13.25,109.6,4.97,13.555,14.288,46.13,62.06,44.16,5.972,13.7,2.9535,25.43,361.41,#N/A N/A,250.2,188.85,4.485,183.35,13.785,31.165,85.98,65.33,5.295,84.97,103.52,71.34,8.028,46.3,185.65,21,161.38
04/30/2018,82.72,20.005,203.9,108.05,97.4,196.46,60.7,157.5,86.32,97.701,6.73,92.47,67.09,63.98,29.51,23.72,65.5,83.1,36.1,14.495,113.05,5.268,14.55,16.2,52.33,63.34,45.455,6.416,13.976,3.157,25.78,445.81,#N/A N/A,289.3,189.95,4.978,198.85,15.115,35.21,97.46,65.79,5.373,92.42,105.64,75.28,8.433,47.3,198.9,21.89,171.84
05/31/2018,80.22,19.654,193.6,105.4,97.31,176.38,67.9,167.4,84.25,100.24,5.839,85.38,65.39,53.06,31.6,21.325,61.68,83.72,32.47,13.22,116.9,4.703,13.535,15.49,52.05,65.76,36.855,6.072,12.458,2.5145,27.01,489.7,#N/A N/A,297.05,176.3,4.94,205.6,14.725,35.02,102.15,65.63,4.6,96.34,111.5,73.78,7.547,47.8,192.55,21.52,160.94
06/29/2018,86.5,20.505,186.95,107.7,100.26,177.02,67.6,169.7,81.91,94.35,6.074,77.63,62.87,53.19,30.35,21.015,55.13,82.36,27.97,13.27,120.9,4.757,13.13,15.906,52.21,68.8,36.115,6.624,12.328,2.4865,29.26,483.6,#N/A N/A,285.2,181.05,4.93,211.5,14.345,36.425,104.05,68.65,4.592,98.95,113.22,71.42,7.279,47.5,188.55,21,142.22
07/31/2018,86.59,21.755,189.15,109.5,106,189.14,73,183.5,82.16,95.26,6.286,82.69,67.21,55.67,29.28,21.6,59.15,86,30.19,14.15,126.2,4.77,13.815,16.464,55.86,66.02,38.11,6.65,13.102,2.634,28.05,456,#N/A N/A,298.85,189.75,4.646,209.5,14.615,37.54,106.05,74.37,4.8195,99.85,120.76,68.84,7.691,49,189.85,22.2,152.22
08/31/2018,80.65,20.96,214.9,108.5,106.26,183.64,79.92,175.64,79.69,80.38,5.37,83.41,67.82,50.58,28.61,21.745,55.7,82.56,31.41,13.91,124.3,4.26,12.63,15.98,53.87,65.78,35.24,6.422,11.69,2.1275,26.05,468,#N/A N/A,301.85,185.8,4.798,206.7,13.95,38.49,112.3,73.69,4.288,103.62,111.98,70.24,6.987,49.2,181,22.35,140.84
09/28/2018,75.22,19.75,210.9,113.3,108.18,192,80.02,160.9,76.55,76.51,5.49,77.71,66.7,52.71,28.18,23.15,54.35,82.02,30.71,13.885,127.45,4.412,12.665,16.282,55.84,63.24,36.97,6.338,11.184,2.201,26.11,461.7,#N/A N/A,304.6,190.75,4.777,207.7,13.735,39.235,120.7,76.56,4.3355,106,110.34,69.3,6.818,47.9,173.22,22.17,151.6
10/31/2018,65.14,20.23,208,107,97.71,184.44,71.18,150.92,68.03,67.78,4.885,76.23,62.58,46.13,26.43,22.14,52.36,78.88,27.95,14.495,120.75,4.334,11.775,15.706,51.96,56.28,32.48,6.256,10.48,1.953,24.93,393.6,144.85,268.8,189.95,5,198.9,13.82,32.92,114.05,78.84,4.195,94.66,101.72,63.96,7.238,47.7,160.28,21.34,148.76
11/30/2018,67.64,22.705,194.8,106.75,94.62,186.5,63.26,149.1,64.37,64.58,5.018,72.21,66.06,44.375,24.42,21.515,49.695,77.1,28.12,15.485,112.15,4.79,12.42,14.246,49.165,50.12,32.46,6.59,10.684,2.048,27.09,384,140.5,252.55,191.9,4.856,207.9,15.16,33.245,110.35,79.81,4.185,90.92,102.4,64.28,7.928,48.8,151.84,22,148.9
12/31/2018,57.7,22.075,182.4,108.45,83.96,175.14,60.84,137.16,60.4,60.56,4.6355,70.7,61.51,39.475,23.1,18.858,45.91,72.02,23.91,14.82,110.45,5.044,12.525,13.748,46.18,42.38,27.82,7.018,9.41,1.9398,22.35,411.6,138.55,258.2,190.55,5.03,201.2,14.155,30.93,105.4,75.66,3.973,86.93,97.38,59.72,7.339,47.4,135.4,21.28,138.92
01/31/2019,66.61,23.02,207.7,105.95,100.22,184.92,63.48,153.22,63.82,66.2,5.17,73.46,63.5,40.965,25.1,20.245,51.66,76.88,25.76,14.19,110.65,5.266,13.985,14.806,47.98,45.3,27.14,7.2,10.312,1.9948,24.35,437.5,141.7,279.75,194.5,5.508,210.1,13.57,34.36,114.5,75.82,4.132,90.25,95.78,62.08,7.495,46.5,157.16,22.24,148.62
02/28/2019,68.55,22.675,213.6,109.65,113.6,195.6,66.2,161.12,66.99,70.28,5.474,74.31,66.33,45.055,27.84,22.295,52.66,83.92,27.32,14.485,106.45,5.32,13.25,15.166,49.99,49.43,27,7.352,11.632,2.169,26.54,480.1,152.8,302,207.1,5.316,221.9,13.44,35,119.9,73.5,4.296,94.2,96.13,68.42,7.589,47.4,142,25.7,150.9
03/29/2019,74.76,23.725,216.6,113.35,117.9,198.28,71.4,167.2,65.53,57.6,5.093,68.75,68.69,42.61,27.65,22.43,52.25,86.72,29,14.795,97.38,5.704,13.28,15.754,49.52,49.76,25.775,7.826,10.784,2.171,26.2,511.2,156,327.9,211,5.074,239.8,14.5,36.315,122.25,78.74,4.1445,103,95.94,69.94,7.469,51.6,146.14,25.83,140.32
04/30/2019,79.26,21.46,229.1,118.55,121.88,214.8,70.92,185.54,72.49,59.34,5.418,75.9,72.08,47.45,29.93,23.745,58.34,90.02,30.9,14.914,108.5,5.639,13.205,15.218,49.545,50.58,28.22,8.098,11.356,2.337,26.97,527,160.4,349.05,223,4.679,245.1,13.965,37.965,129.9,77.49,4.5115,114.58,106.74,75.46,7.432,54,153.25,25.87,155.04
05/31/2019,72.61,20.135,256.2,111.5,114.86,198.86,68.36,169.3,59.06,52.82,4.8675,62.02,71.4,40.875,27.99,22.08,46.435,88.46,26.38,15.11,103.15,5.57,12.45,13.58,46.64,45.41,22.46,8.314,9.695,1.8338,24.05,465.95,162.3,338.6,216.1,4.48,240.4,14.04,35.45,117.7,72.24,3.952,110.42,101.44,70.8,7.178,53.8,135.35,24.13,139.5
06/28/2019,77.84,19.778,271.5,123.05,124.68,212,69.66,183.74,63.92,60.94,4.917,65.09,74.5,41.765,28.69,23.1,48.925,90.06,28.9,15.212,114.75,6.14,13.34,14.606,49.275,47.68,22.22,8.766,10.196,1.882,26.45,520.1,176.65,374.3,220.7,4.366,250.5,13.865,38.185,128.85,75.91,4.0805,120.76,104.6,79.76,7.221,53.4,131.75,24.21,148.22
